-- phpMyAdmin SQL Dump
-- version 5.2.1
-- https://www.phpmyadmin.net/
--
-- Host: localhost:3306
-- Generation Time: Jun 07, 2023 at 11:27 AM
-- Server version: 10.3.39-MariaDB
-- PHP Version: 8.1.16

SET SQL_MODE = "NO_AUTO_VALUE_ON_ZERO";
START TRANSACTION;
SET time_zone = "+00:00";


/*!40101 SET @OLD_CHARACTER_SET_CLIENT=@@CHARACTER_SET_CLIENT */;
/*!40101 SET @OLD_CHARACTER_SET_RESULTS=@@CHARACTER_SET_RESULTS */;
/*!40101 SET @OLD_COLLATION_CONNECTION=@@COLLATION_CONNECTION */;
/*!40101 SET NAMES utf8mb4 */;

--
-- Database: `samhab_questionskit`
--

-- --------------------------------------------------------

--
-- Table structure for table `chapter`
--

CREATE TABLE `chapter` (
  `id` int(11) NOT NULL,
  `class_id` int(11) DEFAULT NULL,
  `subject_id` int(11) DEFAULT NULL,
  `chapter_name` varchar(255) NOT NULL
) ENGINE=InnoDB DEFAULT CHARSET=utf8mb4 COLLATE=utf8mb4_general_ci;

--
-- Dumping data for table `chapter`
--

INSERT INTO `chapter` (`id`, `class_id`, `subject_id`, `chapter_name`) VALUES
(1, 1, 2, 'Amader Gram'),
(2, 5, 11, 'five chapter update'),
(3, 5, 11, 'five 3'),
(4, 5, 11, 'new of five'),
(5, 5, 11, 'ok'),
(6, 1, 1, '১ম অধ্যায়: বাস্তব সংখ্যা'),
(7, 1, 4, 'Hazrat Mohammad (s)'),
(8, 1, 1, '২য় অধ্যায়: সেট ও ফাংশন'),
(9, 1, 1, '৩য় অধ্যায়: বীজগাণিতিক রাশি'),
(10, 1, 1, '৪র্থ অধ্যায়: সূচক ও লগারিদম'),
(11, 1, 1, '৫ম অধ্যায়: এক চলকবিশিষ্ট সমীকরণ'),
(12, 1, 1, '৬ষ্ঠ অধ্যায়: রেখা, কোন ও ত্রিভূজ'),
(13, 1, 1, '৭ম অধ্যায়: ব্যবহারিক জ্যামিতি'),
(14, 1, 1, '৮ম অধ্যায়: বৃত্ত'),
(15, 1, 1, '৯ম অধ্যায়: ত্রিকোণমিতিক অনুপাত'),
(16, 1, 1, '১০ম অধ্যায়: দূরত্ব ও উচ্চতা'),
(17, 1, 1, '১১তম অধ্যায়: অনুপাত ও সমানুপাত'),
(18, 1, 1, '১২তম অধ্যায়: দুই চলকবিশিষ্ট সরল সহসমীকরণ'),
(19, 1, 1, '১৩তম অধ্যায়: সসীম ধারা'),
(20, 1, 1, '১৪তম অধ্যায়: অনুপাত, সদৃশতা ও প্রতিসমতা'),
(21, 1, 1, '১৫তম অধ্যায়: ক্ষেত্রফল সম্পর্কিত উপপাদ্য ও সম্পাদ্য'),
(22, 1, 1, '১৬তম অধ্যায়: পরিমিতি'),
(23, 1, 1, '১৭তম অধ্যায়: পরিসংখ্যান'),
(24, 2, 3, 'প্রথম অধ্যায়: তথ্য ও যোগাযোগ প্রযুক্তি ( বিশ্ব ও বাংলাদেশ প্রেক্ষিত)'),
(25, 2, 3, 'দ্বিতীয় অধ্যায়: কমিউনিকেশন সিস্টেম ও নেটওয়ার্কিং'),
(26, 2, 3, 'তৃতীয় অধ্যায় (১ম অংশ) : সংখ্যা পদ্ধতি (Number System)'),
(27, 2, 3, 'তৃতীয় অধ্যায় (২য় অংশ) : ডিজিটাল ডিভাইস (Digital Device)'),
(28, 2, 3, 'চতুর্থ অধ্যায়: ওয়েব ডিজাইন পরিচিতি এবং HTML'),
(29, 2, 3, 'পঞ্চম অধ্যায়: প্রোগ্রামিং ভাষা'),
(30, 2, 3, 'ষষ্ঠ অধ্যায়: ডেটাবেজ ম্যানেজমেন্ট সিস্টেম');

-- --------------------------------------------------------

--
-- Table structure for table `classes`
--

CREATE TABLE `classes` (
  `id` int(11) NOT NULL,
  `class_name` varchar(255) NOT NULL,
  `class_description` varchar(255) DEFAULT NULL
) ENGINE=InnoDB DEFAULT CHARSET=utf8mb4 COLLATE=utf8mb4_general_ci;

--
-- Dumping data for table `classes`
--

INSERT INTO `classes` (`id`, `class_name`, `class_description`) VALUES
(1, '৯ম ও ১০ শ্রেণি', 'Science+Commerce+Arts (All Subjects)'),
(2, 'একাদ্বশ ও দ্বাদশ শ্রেণি (সাধারন বিভাগ)', 'Bangla, English, ICT, Geography, History etc'),
(3, 'একাদ্বশ ও দ্বাদশ শ্রেণি (বিজ্ঞান বিভাগ)', 'Physics, Chemistry, Biology & Higher Math'),
(4, 'একাদ্বশ ও দ্বাদশ শ্রেণি (ব্যবসায় শিক্ষা)', 'Accounting, Business studies etc'),
(5, '৮ম শেণি', 'সকল বিষয়'),
(6, '৭ম শেণি', 'সকল বিষয়'),
(7, '৬ষ্ঠ শেণি', 'সকল বিষয়'),
(8, '৫ম শেণি', 'সকল বিষয়'),
(9, '৪র্থ শ্রেণি', 'সকল বিষয়'),
(10, '৩য় শেণি', 'সকল বিষয়'),
(11, '২য় শেণি', 'সকল বিষয়'),
(12, '১ম শ্রেণি', 'সকল বিষয়'),
(13, 'বিশ্ববিদ্যালয় ভর্তি পরীক্ষা', 'সকল বিষয়'),
(14, 'মেডিকেল ভর্তি পরীক্ষা', 'সকল বিষয়'),
(15, 'ইঞ্জিনিয়ারিং ভর্তি পরীক্ষা', 'সকল বিষয়'),
(16, 'নার্সিং ভর্তি পরীক্ষা', 'সকল বিষয়'),
(17, 'প্রাইমারি নিয়োগ পরীক্ষা', 'সকল বিষয়'),
(18, 'বিসিএস প্রিলিমিনারি', 'সকল বিষয়');

-- --------------------------------------------------------

--
-- Table structure for table `contact`
--

CREATE TABLE `contact` (
  `id` int(11) NOT NULL,
  `name` varchar(50) NOT NULL,
  `email` varchar(255) DEFAULT NULL,
  `phone` varchar(15) NOT NULL,
  `message` varchar(1000) DEFAULT NULL,
  `respond` enum('yes','no') DEFAULT NULL,
  `createdAt` timestamp(6) NOT NULL DEFAULT current_timestamp(6)
) ENGINE=InnoDB DEFAULT CHARSET=utf8mb4 COLLATE=utf8mb4_general_ci;

--
-- Dumping data for table `contact`
--

INSERT INTO `contact` (`id`, `name`, `email`, `phone`, `message`, `respond`, `createdAt`) VALUES
(1, 'Hello', 'test@gmail.com', '01722726897', 'hi', 'yes', '2023-04-02 20:30:09.032204');

-- --------------------------------------------------------

--
-- Table structure for table `creative`
--

CREATE TABLE `creative` (
  `id` int(11) NOT NULL,
  `class_id` int(11) DEFAULT NULL,
  `subject_id` int(11) DEFAULT NULL,
  `chapter_id` int(11) DEFAULT NULL,
  `question_text` text NOT NULL,
  `question_option` text NOT NULL,
  `question_answer` text DEFAULT NULL,
  `filter` varchar(300) DEFAULT NULL,
  `year` varchar(4) DEFAULT NULL,
  `fk_author` int(11) DEFAULT NULL
) ENGINE=InnoDB DEFAULT CHARSET=utf8mb4 COLLATE=utf8mb4_general_ci;

--
-- Dumping data for table `creative`
--

INSERT INTO `creative` (`id`, `class_id`, `subject_id`, `chapter_id`, `question_text`, `question_option`, `question_answer`, `filter`, `year`, `fk_author`) VALUES
(1, 1, 2, 1, '<p>dsh</p>\r\n', '[\"<p>sdfh</p>\\r\\n\",\"<p>sdfh</p>\\r\\n\",\"<p>sdfh</p>\\r\\n\",\"<p>sdfh</p>\\r\\n\"]', NULL, NULL, NULL, 1),
(2, 1, 2, 1, '<p>fdsh</p>\r\n', '[\"<p>sdh</p>\\r\\n\",\"<p>sdh</p>\\r\\n\",\"<p>sh</p>\\r\\n\",\"<p>sdfh</p>\\r\\n\"]', 'test', NULL, NULL, 1),
(3, 1, 2, 1, '<p>sdfh</p>\r\n', '[\"<p>sdh</p>\\r\\n\",\"<p>sdfh</p>\\r\\n\",\"<p>sdh</p>\\r\\n\",\"<p>sdfh</p>\\r\\n\"]', NULL, NULL, NULL, 1),
(4, 1, 1, 6, '<p><span class=\"math-tex\">\\(x = {-b \\pm \\sqrt{b^2-4ac} \\over 2a}\\)</span>&nbsp;ok&nbsp; lets gooooooooooooooooooo again d</p>\n\n<p>&nbsp;</p>\n', '[\"<p><span class=\\\"math-tex\\\">\\\\(x = -b \\\\pm a\\\\)</span></p>\\r\\n\",\"<p>x+1&nbsp;</p>\\r\\n\",\"<p>y+1</p>\\r\\n\",\"<p>x+2</p>\\r\\n\"]', 'no', NULL, NULL, 1),
(5, 1, 1, 6, '<p>Test questions</p>\r\n', '[\"<p>s</p>\\r\\n\",\"<p>d</p>\\r\\n\",\"<p>g</p>\\r\\n\",\"<p>g</p>\\r\\n\"]', 'no', NULL, NULL, 1),
(6, 1, 1, 6, '<p>test</p>\r\n', '[\"<p>saet</p>\\r\\n\",\"<p><span class=\\\"math-tex\\\">\\\\(x = {-b \\\\pm \\\\sqrt{b^2-4ac} \\\\over 2a}\\\\)</span></p>\\r\\n\",\"<p>aset</p>\\r\\n\",\"<p>aset</p>\\r\\n\"]', NULL, NULL, NULL, 1),
(7, 1, 1, 8, '<p><span class=\"math-tex\">\\(x = {-b \\pm \\sqrt{b^2-4ac} \\over 2a}\\)</span></p>\r\n', '[\"<p>test</p>\\r\\n\",\"<p>ee</p>\\r\\n\",\"<p>22</p>\\r\\n\",\"<p>44</p>\\r\\n\"]', NULL, NULL, NULL, 1),
(8, 1, 1, 6, '<p>Test</p>\r\n', '[\"<p>asdgg</p>\\r\\n\",\"<p>asdg</p>\\r\\n\",\"<p>asdg</p>\\r\\n\",\"<p>asdg</p>\\r\\n\"]', NULL, NULL, NULL, 1),
(9, 1, 1, 6, '<p>test</p>\r\n', '[\"<p>asgd</p>\\r\\n\",\"<p>asg</p>\\r\\n\",\"<p>asg</p>\\r\\n\",\"<p>asdg</p>\\r\\n\"]', '6', NULL, NULL, 1),
(10, 1, 1, 6, '<p>asdgasdga</p>\r\n', '[\"<p>asdg</p>\\r\\n\",\"<p>asdg</p>\\r\\n\",\"<p>asdg</p>\\r\\n\",\"<p>asdg</p>\\r\\n\"]', NULL, NULL, NULL, 1),
(11, 1, 2, 1, '<p>test</p>\r\n', '[\"<p>asdg</p>\\r\\n\",\"<p>asdg</p>\\r\\n\",\"<p>sadg</p>\\r\\n\",\"<p>asdg</p>\\r\\n\"]', '88', NULL, NULL, 1),
(12, 1, 2, 1, '<p>asdg</p>\r\n', '[\"<p>sdg</p>\\r\\n\",\"<p>asdg</p>\\r\\n\",\"<p>asdg</p>\\r\\n\",\"<p>asdg</p>\\r\\n\"]', NULL, NULL, NULL, 1),
(13, 1, 1, 6, '<p>test</p>\r\n', '[\"<p>asdg</p>\\r\\n\",\"<p>asdg</p>\\r\\n\",\"<p>asdg</p>\\r\\n\",\"<p>asdg</p>\\r\\n\"]', NULL, NULL, NULL, 1),
(14, 1, 1, 6, '<p>11</p>\r\n', '[\"<p>11</p>\\r\\n\",\"<p>11</p>\\r\\n\",\"<p>11</p>\\r\\n\",\"<p>11</p>\\r\\n\"]', NULL, NULL, NULL, 1),
(15, 1, 1, 6, '<p>Creative answer test asdsag</p>\r\n', '[\"<p>xx</p>\\r\\n\",\"<p>dd</p>\\r\\n\",\"<p>dd</p>\\r\\n\",\"<p>dd</p>\\r\\n\"]', '<p>dd</p>\r\n', '7,1', '', 1),
(16, 1, 1, 6, '<p>ttt 300 ss</p>\r\n', '[\"<p>dsag</p>\\r\\n\",\"<p>asdgg</p>\\r\\n\",\"<p>asg</p>\\r\\n\",\"<p>asgd</p>\\r\\n\"]', '<p>asgd</p>\r\n', '7,2', '', 1),
(17, 2, 3, 24, '<p style=\"text-align:justify\">আইসিটি নির্ভর জ্ঞান ও প্রযুক্তি মানুষকে নানা বিষয়ে সমৃদ্ধির পথে এগিয়ে নিচ্ছে। হাবিব আইসিটি বিষয়ে পড়াশুনা করে জানতে পারল কোনো প্রকার অস্ত্রোপাচার ছাড়া এক শৈল্য চিকিৎসা পদ্ধতি। পরবর্তীতে হাবিব আইসিটি নির্ভর জীব বৈচিত্র্য সৃষ্টির প্রযুক্তি বিষয়ে জ্ঞান লাভ করে খুবই আনন্দিত হলো।</p>\r\n\r\n<p style=\"text-align:justify\">&nbsp;</p>\r\n\r\n<p style=\"text-align:justify\"><span style=\"font-size:12pt\"><span style=\"font-family:SutonnyMJ\">&nbsp;&nbsp; </span></span></p>\r\n<quillbot-extension-portal></quillbot-extension-portal>', '[\"<p>বায়োম্যাট্রিক্স কী?</p>\\r\\n\",\"<p>বায়োম্যাট্রিক্স ও বায়োইনফরম্যাট্রিক্স এর মধ্যে পার্থক্য লিখ।</p>\\r\\n<quillbot-extension-portal></quillbot-extension-portal>\",\"<p>হাবিবের চিকিৎসা পদ্ধতি শনাক্ত করে ব্যাখ্যা কর।</p>\\r\\n<quillbot-extension-portal></quillbot-extension-portal>\",\"<p>উদ্দীপকে যে প্রযুক্তি হাবিব জ্ঞান লাভে আনন্দ দিল সেই প্রযুক্তি কৃষি সম্পদ উন্নয়নে কী ধরনের ভূমিকা রাখে মতামত দাও।&nbsp;&nbsp; &nbsp;<br />\\r\\n&nbsp;</p>\\r\\n<quillbot-extension-portal></quillbot-extension-portal>\"]', '<p>&nbsp;</p>\r\n<quillbot-extension-portal></quillbot-extension-portal>', NULL, NULL, 1),
(18, 2, 3, 24, '<p>সুমনের বড় ভাই যুক্তরাষ্ট্রে থাকেন। তিনি যুক্তরাষ্ট্রের একটি বিশ্ববিদ্যালয়ে ভর্তির জন্য সুমনের কাছ থেকে জরুরিভাবে কিছু ডকুমেন্টের চাহিদা দিলে সুমন এটাচ করে ইলেক্ট্রনিক মেইল পদ্ধতি ব্যবহার করে দ্রুত পাঠিয়ে দেয়। সুমন যে বিশ্ববিদ্যালয়ের জন্য এপ্লাই করেছে ব্রাউজ করে সে বিশ্ববিদ্যালয় সম্পর্কে বিস্তারিত জেনেছে।&nbsp;</p>\r\n<quillbot-extension-portal></quillbot-extension-portal>', '[\"<p>অডিও কনফারেন্সিং কী?</p>\\r\\n\",\"<p>কথা বলার পাশাপাশি ছবিও দেখা যায় বুঝিয়ে লেখ।</p>\\r\\n<quillbot-extension-portal></quillbot-extension-portal>\",\"<p>উদ্দীপকে সুমন যে প্রযুক্তিটি ব্যবহার করে দ্রুত তথ্য প্রেরণ করে সুবিধা পেয়েছে কীভাবে ব্যাখ্যা কর।</p>\\r\\n<quillbot-extension-portal></quillbot-extension-portal>\",\"<p>উদ্দীপকের আলোকে দ্রুত যে কোনো তথ্য পাওয়ার সুবিধা সম্পর্কে তোমার মতামত বিশ্লেষণ কর।</p>\\r\\n<quillbot-extension-portal></quillbot-extension-portal>\"]', '<p>&nbsp;</p>\r\n<quillbot-extension-portal></quillbot-extension-portal>', NULL, NULL, 1),
(19, 2, 3, 24, '<p>বাংলদেশের রাজধানীর অদূরে তথ্য প্রযুক্তি প্রয়োগে একটি বিশ্বমানের শিল্প কারখানা স্থাপন করার পরিকল্পনা করা হয়েছে, যেখানে অ্যাকচুয়েটর এর সাহায্যে দক্ষ হাতে কম্পিউটারের প্রয়োজনীয় যন্ত্রপাতি তৈরি করার মাধ্যমে দেশকে উন্নত ও অর্থনৈতিকভাবে স্বাবলম্বী হতে সহায়তা করবে। উক্ত প্রতিষ্ঠানের দক্ষ প্রোগ্রামারগণ সিমুলেটেড পরিবেশ স্থাপন করে ঘরে বসে দর্শনার্থীদেও শহরের বিভিন্ন দর্শনীয় স্থান দেখার ব্যবস্থা করবেন।</p>\r\n\r\n<p>&nbsp;</p>\r\n', '[\"<p>&nbsp;হ্যাকিং কী?</p>\\r\\n\\r\\n<p>&nbsp;</p>\\r\\n\\r\\n<p>&nbsp;</p>\\r\\n\",\"<p>তথ্য প্রযুক্তিনির্ভও বিশ্বই বিশ্বগ্রাম-&nbsp; ব্যাখ্যা কর।</p>\\r\\n\\r\\n<p>&nbsp;</p>\\r\\n\\r\\n<p>&nbsp;</p>\\r\\n\",\"<p>শিল্প কারখানায় ব্যবহৃত প্রযুক্তি চিহ্নিত করে ব্যাখ্যা কর।</p>\\r\\n\\r\\n<p>&nbsp;</p>\\r\\n\\r\\n<p>&nbsp;</p>\\r\\n\",\"<p>প্রোগ্রামারদের তৈরি প্রযুক্তি ইতিহাস ও ঐতিহ্য রক্ষায় কতটুকু ভূমিকা রাখে - মূল্যায়ন কর।</p>\\r\\n\\r\\n<p>&nbsp;</p>\\r\\n\"]', '<p>&nbsp;</p>\r\n\r\n<p>&nbsp;</p>\r\n', '8', '2019', 1),
(20, 2, 3, 24, '<p>মি. &quot;Y&quot; তার বাবার ল্যাবরেটরিতে প্রবেশের সময় একটি বিশেষ সেন্সরের দিকে তাকানোর ফলে দরজা খুলে গেল। ভেতরে প্রবেশ করে দেখলো প্রথম কক্ষে জৈব তথ্যকে সাজিয়ে গুছিয়ে ইনফরমেশন সিস্টেম তৈরি সংক্রান্ত গবেষণা এবং দ্বিতীয় কক্ষে রিকম্বিনেন্ট ডিএনএ (DNA) তৈরি সংক্রান্ত গবেষণা করা হয়।&nbsp;</p>\r\n\r\n<p>&nbsp;</p>\r\n\r\n<p>&nbsp;</p>\r\n', '[\"<p>ন্যানোটেকনোলজি কী?</p>\\r\\n\\r\\n<p>&nbsp;</p>\\r\\n\\r\\n<p>&nbsp;</p>\\r\\n\",\"<p>তথ্য প্রযুক্তি ও যোগাযোগ প্রযুক্তি একে অপরের পরিপূরক- বুঝিয়ে লেখ।</p>\\r\\n\\r\\n<p>&nbsp;</p>\\r\\n\\r\\n<p>&nbsp;</p>\\r\\n\",\"<p>ল্যাবরেটরির দরজায় ব্যবহৃত প্রযুক্তিটি বর্ণনা কর।</p>\\r\\n\\r\\n<p>&nbsp;</p>\\r\\n\\r\\n<p>&nbsp;</p>\\r\\n\",\"<p>ল্যাবরেটরিতে যে প্রযুক্তি নিয়ে গবেষণা হয় তাদের তুলনামূলক পার্থক্য বিশ্লেষণ কর।</p>\\r\\n\\r\\n<p>&nbsp;</p>\\r\\n\\r\\n<p>&nbsp;</p>\\r\\n\"]', '<p>ল্যাবরেটরিতে যে প্রযুক্তি নিয়ে গবেষণা হয় তাদের তুলনামূলক পার্থক্য বিশ্লেষণ কর।</p>\r\n\r\n<p>&nbsp;</p>\r\n\r\n<p>&nbsp;</p>\r\n', '8', '2017', 1),
(21, 2, 3, 24, '<p>আসাদ এখন ঘরে বসেই নিজের প্রয়োজনীয় সকল তথ্য তার ল্যাপটপে পেয়ে যাচ্ছে। এ প্রযুক্তির সহায়তায় সে তার বাবাকে ধানক্ষেতের ক্ষতিকর কীটপতঙ্গ দমনে করণীয় সম্পর্কে তথ্য সরবরাহ করে। উক্ত এলাকার চেয়ারম্যান মঞ্জুর এলাহী প্রতিমাসে ঢাকায় থাকা তার কয়েকজন পরিচিত ডাক্তার বন্ধুদের থেকে গ্রামের মানুষের জন্য সরাসরি স্বাস্থ্যসেবা গ্রহণের ব্যবস্থা করে দেন। &nbsp;</p>\r\n<quillbot-extension-portal></quillbot-extension-portal>', '[\"<p>তথ্য ও যোগাযোগ প্রযুক্তি কী?</p>\\r\\n<quillbot-extension-portal></quillbot-extension-portal>\",\"<p>ইলেকট্রনিক পদ্ধতিতে পত্র আদান প্রদানের সুবিধা অনেক- বুঝিয়ে লেখ।</p>\\r\\n<quillbot-extension-portal></quillbot-extension-portal>\",\"<p>উদ্দীপকের আসাদ কোন ক্ষেত্রে তথ্য প্রযুক্তির সুবিধা গ্রহণ করেছে? ব্যাখা কর। &nbsp;</p>\\r\\n<quillbot-extension-portal></quillbot-extension-portal>\",\"<p>উদ্দীপকের চেয়ারম্যানের গৃহীত ব্যবস্থা স্বাস্থ্যসেবার মান উন্নয়নে কতটুকু সহায়ক বিশ্লেষণ কর।</p>\\r\\n<quillbot-extension-portal></quillbot-extension-portal>\"]', '<p>&nbsp;</p>\r\n<quillbot-extension-portal></quillbot-extension-portal>', NULL, NULL, 1),
(22, 2, 3, 24, '<p>জামান দক্ষিণ কোরিয়াতে ড্রাইভার হিসেবে একটি প্রতিষ্ঠানে চাকরি নিয়ে আসে। যেখানে সে প্রথম এক মাস একটি বিশেষ কৃত্রিম পরিবেশে গাড়ি চালনার প্রশিক্ষণ গ্রহণ করে। এ পরিবেশেই সে বিভিন্ন পরিস্থিতিতে গাড়ি চালানোর নানা কৌশল রপ্ত করে। জামান তার কাজের পাশাপাশি আরও একটি প্রতিষ্ঠানেও ডেটা এন্ট্রির কাজ নেয়। তার পাঠানো অর্থেই গ্রামের বাড়িতে তার অর্ধপাকা ঘরটি আজ দোতলা দালানে পরিণত হয়েছে।&nbsp;</p>\r\n\r\n<p>&nbsp;</p>\r\n\r\n<p>&nbsp;</p>\r\n', '[\"<p>কৃত্রিম বুদ্ধিমত্তা কী?</p>\\r\\n\\r\\n<p>&nbsp;</p>\\r\\n\\r\\n<p>&nbsp;</p>\\r\\n\",\"<p>সামাজিক যোগাযোগ মাধ্যম বলতে কী বোঝায়?</p>\\r\\n\\r\\n<p>&nbsp;</p>\\r\\n\\r\\n<p>&nbsp;</p>\\r\\n\",\"<p>উদ্দীপকে জামানের প্রবাস জীবনে কোন প্রযুক্তিটির কথা বলা হয়েছে? ব্যাখ্যা কর।</p>\\r\\n\\r\\n<p>&nbsp;</p>\\r\\n\\r\\n<p>&nbsp;</p>\\r\\n\",\"<p>জামানের ক্ষেত্রে তথ্য প্রযুক্তির ভূমিকা মূল্যায়ন কর।</p>\\r\\n\\r\\n<p>&nbsp;</p>\\r\\n\\r\\n<p>&nbsp;</p>\\r\\n\"]', '<p>জামানের ক্ষেত্রে তথ্য প্রযুক্তির ভূমিকা মূল্যায়ন কর।</p>\r\n\r\n<p>&nbsp;</p>\r\n\r\n<p>&nbsp;</p>\r\n', '4', '2016', 1),
(23, 2, 3, 24, '<p>নির্বাচন কমিশন ন্যাশনাল আইডি কার্ড তৈরি করার জন্য প্রাপ্তবয়স্ক নাগরিকদের মুখম&ETH;লের ছবি, আঙুলের ছাপ এবং সিগনেচার সংগ্রহ করে একটি চমৎকার ডেটাবেজ তৈরি করেছে। ইদানিং বাংলাদেশ পাসপোর্ট অফিস নির্বাচন কমিশনের অনুমতি নিয়ে উক্ত ডেটাবেজের সাহায্যে মেশিন রিডেবল পাসপোর্ট তৈরি করেছে। কিছু অসৎ ব্যক্তি নকল পাসপোর্ট তৈরি করার জন্য উক্ত ডেটাবেজ হ্যাক করার চেষ্টা করে এবং পরিশেষে ব্যর্থ হয়।</p>\r\n\r\n<p>&nbsp;</p>\r\n\r\n<p>&nbsp;</p>\r\n', '[\"<p>ভিডিও কনফারেন্সিং কী?</p>\\r\\n\\r\\n<p>&nbsp;</p>\\r\\n\\r\\n<p>&nbsp;</p>\\r\\n\",\"<p>&ldquo;বিশেষ প্রযুক্তি ব্যবহারের মাধ্যমে নিরাপদে ড্রাইভিং প্রশিক্ষণ সম্ভব&rdquo; বুঝিয়ে লিখ।</p>\\r\\n\\r\\n<p>&nbsp;</p>\\r\\n\\r\\n<p>&nbsp;</p>\\r\\n\",\"<p>নির্বাচন কমিশন ডেটাবেজ তৈরিতে যে প্রযুক্তির সাহায্যে নিয়েছিল তা উদ্দীপকের আলোকে বিশ্লেষণ কর।</p>\\r\\n\\r\\n<p>&nbsp;</p>\\r\\n\\r\\n<p>&nbsp;</p>\\r\\n\",\"<p>উদ্দীপকের কিছু ব্যক্তির ব্যর্থ চেষ্টার নৈতিকতার দিকগুলো ব্যাখ্যা কর।</p>\\r\\n\\r\\n<p>&nbsp;</p>\\r\\n\\r\\n<p>&nbsp;</p>\\r\\n\"]', '<p>Coming soon</p>\r\n\r\n<p>&nbsp;</p>\r\n\r\n<p>&nbsp;</p>\r\n', '7', '2017', 1),
(24, 2, 3, 24, '<p>আইসিটি নির্ভর জ্ঞান ও প্রযুক্তি মানুষকে নানা বিষয়ে সমৃদ্ধির পথে এগিয়ে নিচ্ছে। হাসান ওঈঞ বিষয়ে পড়াশুনা করে জানতে পারল কোনো প্রকার অস্ত্রোপচার ছাড়া এক শৈল্য চিকিৎসা পদ্ধতি। পরবর্তীতে হাসান আইসিটি নির্ভর জীববৈচিত্র্য সৃষ্টির প্রযুক্তি বিষয়ে জ্ঞান লাভ করে খুবই আনন্দিত হলো।&nbsp;</p>\r\n\r\n<p>&nbsp;</p>\r\n\r\n<p>&nbsp;</p>\r\n', '[\"<p>ন্যানোটেকনোলজি কী?</p>\\r\\n\\r\\n<p>&nbsp;</p>\\r\\n\\r\\n<p>&nbsp;</p>\\r\\n\",\"<p>ব্যক্তি শনাক্তকরণের প্রযুক্তিটি ব্যাখ্যা কর।</p>\\r\\n\\r\\n<p>&nbsp;</p>\\r\\n\\r\\n<p>&nbsp;</p>\\r\\n\",\"<p>হাসান এর চিকিৎসা পদ্ধতি শনাক্ত করে ব্যাখ্যা কর।</p>\\r\\n\\r\\n<p>&nbsp;</p>\\r\\n\\r\\n<p>&nbsp;</p>\\r\\n\",\"<p>উদ্দীপকে যে প্রযু্িক্ত হাসানের জ্ঞান লাভে আনন্দ দিল সেই প্রযুক্তি কৃষি সম্পদ উন্নয়নের কি ধরনের ভূমিকা রাখে মতামত দাও।&nbsp;&nbsp; &nbsp;</p>\\r\\n\\r\\n<p>&nbsp;</p>\\r\\n\\r\\n<p>&nbsp;</p>\\r\\n\"]', '<p>উদ্দীপকে যে প্রযু্িক্ত হাসানের জ্ঞান লাভে আনন্দ দিল সেই প্রযুক্তি কৃষি সম্পদ উন্নয়নের কি ধরনের ভূমিকা রাখে মতামত দাও।&nbsp;&nbsp; &nbsp;</p>\r\n\r\n<p>&nbsp;</p>\r\n\r\n<p>&nbsp;</p>\r\n', '5', '2016', 1),
(25, 2, 3, 24, '<p>বাংলাদেশের প্রধানমন্ত্রী গণভবন থেকে ভিডিওর মাধ্যমে দেশের তৃতীয় সমুদ্রবন্দর হিসেবে পটুয়াখালীর কলাপাড়ায় অবস্থিত পায়রাবন্দর উদ্বোধন করেন। অপরদিকে দেশের শিক্ষামন্ত্রী সকল শিক্ষা প্রতিষ্ঠানকে ইলেকট্রনিক উপায়ে শিক্ষার্থীদের উপস্থিত নিশ্চিতকরণের কথা বলার প্রেক্ষিতে অইঈ কলেজের পরিচালনা পরিষদ শিক্ষার্থীদের জন্য ফেস-রিকগনিশন পদ্ধতি চালু করার কথা ভাবছে। যদিও বর্তমানে শিক্ষকদের জন্য আঙ্গুলের ছাপ পদ্ধতি চালু আছে।&nbsp;</p>\r\n\r\n<p>&nbsp;</p>\r\n\r\n<p>&nbsp;</p>\r\n', '[\"<p>ই-কমার্স কী?</p>\\r\\n\\r\\n<p>&nbsp;</p>\\r\\n\\r\\n<p>&nbsp;</p>\\r\\n\",\"<p>&lsquo;শীতলীকরণ প্রক্রিয়ায় চিকিৎসা দেয়া সম্ভব&rsquo;-ব্যাখ্যা কর।</p>\\r\\n\\r\\n<p>&nbsp;</p>\\r\\n\\r\\n<p>&nbsp;</p>\\r\\n\",\"<p>উদ্দীপকে সমুদ্রবন্দর উদ্ধোধনের জন্য ব্যবহৃত প্রযুক্তিটির সুবিধাগুলো কী কী? ব্যাখ্যা কর ।</p>\\r\\n\\r\\n<p>&nbsp;</p>\\r\\n\\r\\n<p>&nbsp;</p>\\r\\n\",\"<p>উদ্দীপককে কম সময়ে উপস্থিতি নিশ্চিতকরণের ক্ষেত্রে কোনটির প্রাধান্য দেয়া কলেজের জন্য বেশি যুক্তিযুক্ত হবে? বিশ্লেষণ কর।</p>\\r\\n\\r\\n<p>&nbsp;</p>\\r\\n\\r\\n<p>&nbsp;</p>\\r\\n\"]', '<p>উদ্দীপককে কম সময়ে উপস্থিতি নিশ্চিতকরণের ক্ষেত্রে কোনটির প্রাধান্য দেয়া কলেজের জন্য বেশি যুক্তিযুক্ত হবে? বিশ্লেষণ কর।</p>\r\n\r\n<p>&nbsp;</p>\r\n\r\n<p>&nbsp;</p>\r\n', '5', '2017', 1),
(26, 2, 3, 24, '<p>ডাঃ হাতেম শল্য চিকিৎসায় প্রশিক্ষণের জন্য চীন গমন করেন। ভর্তি হওয়ার সময় তাঁর একটি আঙ্গুলের ছাপ নেয়া হয় এবং তাঁকে একটি পরিচয়পত্র দেয়া হয়। প্রশিক্ষণকক্ষে ঢুকার পূর্বে তাঁকে প্রতিবার দরজায় রাখা একটি যন্ত্রে ঐ আঙ্গুলের চাপ দিয়েই ভিতরে প্রবেশ করতে হয়। শ্রেণিকক্ষে অন্যান্য প্রশিক্ষণার্থীদের মত তাঁকে হাত, মাথা ও চোখে কিছু বিশেষ যন্ত্র পরানো হয়। তিনি কম্পিউটারের মনিটরে বিভিন্ন দৃশ্যাবলির মাধ্যমে প্রশিক্ষণের প্রাথমিক পর্ব শেষ করেন।&nbsp; &nbsp;&nbsp;</p>\r\n\r\n<p>&nbsp;</p>\r\n<quillbot-extension-portal></quillbot-extension-portal>', '[\"<p>রোবোটিক্স কী?</p>\\r\\n\\r\\n<p>&nbsp;</p>\\r\\n<quillbot-extension-portal></quillbot-extension-portal>\",\"<p>হ্যাকিং নৈতিকতা বিরোধী কর্মকান্ড- ব্যাখ্যা কর।</p>\\r\\n\\r\\n<p>&nbsp;</p>\\r\\n<quillbot-extension-portal></quillbot-extension-portal>\",\"<p>উদ্দীপকে উল্লিখিত দরজায় কোন প্রযুক্তি ব্যবহার করা হয়ছে? ব্যাখ্যা কর।&nbsp;&nbsp; &nbsp;</p>\\r\\n\\r\\n<p>&nbsp;</p>\\r\\n<quillbot-extension-portal></quillbot-extension-portal>\",\"<p>ডা: হাতেমের প্রশিক্ষণে ব্যবহৃত প্রযুক্তির ভূমিকা মূল্যায়ন কর।</p>\\r\\n\\r\\n<p>&nbsp;</p>\\r\\n<quillbot-extension-portal></quillbot-extension-portal>\"]', '<p>ডা: হাতেমের প্রশিক্ষণে ব্যবহৃত প্রযুক্তির ভূমিকা মূল্যায়ন কর।</p>\r\n\r\n<p>&nbsp;</p>\r\n<quillbot-extension-portal></quillbot-extension-portal>', NULL, NULL, 1),
(27, 2, 3, 24, '<p>নাঈম একদিন তার গবেষক মামার অফিসে গিয়ে দেখতে পেল যে, অফিসের কর্মকর্তাগণ মূল দরজার নির্ধারিত জায়গায় বৃদ্ধাঙ্গুল রাখতেই দরজা খুলে যাচ্ছে। সে আরো দেখতে পেল যে তার মামা গবেষণা কক্ষের বিশেষ স্থানে কিছুক্ষণ থাকাতেই দরজা খুলে গেল। নাঈম তার মামার কাছ থেকে জানতে পারল যে, তিনি মিষ্টি টমেটো উৎপাদন নিয়ে গবেষণা করছেন।</p>\r\n\r\n<p>&nbsp;</p>\r\n\r\n<p>&nbsp;</p>\r\n', '[\"<p>ই-কমার্স কী? &nbsp;&nbsp;</p>\\r\\n\\r\\n<p>&nbsp;</p>\\r\\n\\r\\n<p>&nbsp;</p>\\r\\n\",\"<p>নিম্ন তাপমাত্রায় চিকিৎসা পদ্ধতি ব্যাখ্যা কর।</p>\\r\\n\\r\\n<p>&nbsp;</p>\\r\\n\\r\\n<p>&nbsp;</p>\\r\\n\",\"<p>মিষ্টি টমেটো উৎপাদনে নাঈমের মামার ব্যবহৃত প্রযুক্তিটি বর্ণনা কর।</p>\\r\\n\\r\\n<p>&nbsp;</p>\\r\\n\\r\\n<p>&nbsp;</p>\\r\\n\",\"<p>উদ্দীপকে দরজা খোলার প্রযুক্তিদ্বয়ের মধ্যে কোনটি বহুল ব্যবহৃত বিশ্লেষণপূর্বক মতামত দাও।</p>\\r\\n\\r\\n<p>&nbsp;</p>\\r\\n\\r\\n<p>&nbsp;</p>\\r\\n\"]', '<p>উদ্দীপকে দরজা খোলার প্রযুক্তিদ্বয়ের মধ্যে কোনটি বহুল ব্যবহৃত বিশ্লেষণপূর্বক মতামত দাও।</p>\r\n\r\n<p>&nbsp;</p>\r\n\r\n<p>&nbsp;</p>\r\n', '8', '2016', 1),
(28, 2, 3, 24, '<p>মি: &lsquo;&lsquo;ক&rdquo; একজন ব্যবস্থাপক। তিনি যে অফিসে চাকরি করেন যেখানে কর্মচারীর সংখ্যা কয়েক হাজার। অফিসের কর্মচারীদের হাজিরা নেয়ার জন্য তথ্য প্রযুক্তির সহায়তা নিলেন। তিনি এমন একটি প্রযুক্তির সাহায্য নিলেন, সেখানে আঙ্গুলের ছাপ ব্যবহার করা হয়। তিনি পর্যায়ক্রমে কর্মচারীদের কৃত্রিম পরিবেশে বিশেষ পোশাক পরিধান করে গাড়ি চালনা প্রশিক্ষণের ব্যবস্থা নিয়েছেন।&nbsp;</p>\r\n\r\n<p>&nbsp;</p>\r\n\r\n<p>&nbsp;</p>\r\n', '[\"<p>ন্যানো টেকনোলজি কাকে বলে?</p>\\r\\n\\r\\n<p>&nbsp;</p>\\r\\n\\r\\n<p>&nbsp;</p>\\r\\n\",\"<p>&ldquo;টেলিমেডিসিন এক ধরনের সেবা&rdquo;- বুঝিয়ে লিখ।</p>\\r\\n\\r\\n<p>&nbsp;</p>\\r\\n\\r\\n<p>&nbsp;</p>\\r\\n\",\"<p>উদ্দীপকে কর্মচারীদের প্রশিক্ষণে ব্যবহৃত প্রযুক্তি ব্যাখ্যা কর।</p>\\r\\n\\r\\n<p>&nbsp;</p>\\r\\n\\r\\n<p>&nbsp;</p>\\r\\n\",\"<p>উদ্দীপকে বর্ণিত মি: &ldquo;ক&rdquo; এর প্রযুক্তি নিরাপত্তার ক্ষেত্রে কতটুকু গুরুত্বপূর্ণ ভূমিকা রাখবে? তোমার মতামতের সপক্ষে যুক্তিসহ বিশ্লেষণ কর।</p>\\r\\n\\r\\n<p>&nbsp;</p>\\r\\n\\r\\n<p>&nbsp;</p>\\r\\n\"]', '<p>উদ্দীপকে বর্ণিত মি: &ldquo;ক&rdquo; এর প্রযুক্তি নিরাপত্তার ক্ষেত্রে কতটুকু গুরুত্বপূর্ণ ভূমিকা রাখবে? তোমার মতামতের সপক্ষে যুক্তিসহ বিশ্লেষণ কর।</p>\r\n\r\n<p>&nbsp;</p>\r\n\r\n<p>&nbsp;</p>\r\n', '6', '2016', 1),
(29, 2, 3, 24, '<p>ডা: ফারিহা শহরের কর্মস্থল অবস্থান করেও প্রত্যন্ত অঞ্চলের নাগরিকদের চিকিৎসা সেবা দিয়ে থাকেন। তিনি কৃত্রিম পরিবেশে অপারেশনের প্রশিক্ষণ গ্রহণ করেছেন।&nbsp; &nbsp;</p>\r\n\r\n<p>&nbsp;</p>\r\n\r\n<p>&nbsp;</p>\r\n\r\n<p>&nbsp;</p>\r\n', '[\"<p>হ্যাকিং কী?</p>\\r\\n\\r\\n<p>&nbsp;</p>\\r\\n\\r\\n<p>&nbsp;</p>\\r\\n\\r\\n<p>&nbsp;</p>\\r\\n\",\"<p>&ldquo;যন্ত্র স্বয়ংক্রিয়ভাবে কাজ করে&rdquo;- ব্যাখ্যা কর।</p>\\r\\n\\r\\n<p>&nbsp;</p>\\r\\n\\r\\n<p>&nbsp;</p>\\r\\n\\r\\n<p>&nbsp;</p>\\r\\n\",\"<p>ডা: ফারিহা কীভাবে চিকিৎসা সেবা দিয়ে থাকেন? ব্যাখ্যা কর।</p>\\r\\n\\r\\n<p>&nbsp;</p>\\r\\n\\r\\n<p>&nbsp;</p>\\r\\n\\r\\n<p>&nbsp;</p>\\r\\n\",\"<p>ডা: ফারিহার প্রশিক্ষণে ব্যবহৃত প্রযুক্তিটি প্রাত্যহিক জীবনে কী প্রভাব রাখছে? আলোচনা কর।</p>\\r\\n\\r\\n<p>&nbsp;</p>\\r\\n\\r\\n<p>&nbsp;</p>\\r\\n\\r\\n<p>&nbsp;</p>\\r\\n\"]', '<p>ডা: ফারিহার প্রশিক্ষণে ব্যবহৃত প্রযুক্তিটি প্রাত্যহিক জীবনে কী প্রভাব রাখছে? আলোচনা কর।</p>\r\n\r\n<p>&nbsp;</p>\r\n\r\n<p>&nbsp;</p>\r\n\r\n<p>&nbsp;</p>\r\n', '7', '2016', 1),
(30, 2, 3, 24, '<p>ভিনক্লু নামে জাপানের এক প্রযুক্তি কোম্পানী ডিজিটাল প্রযুক্তির কৃত্রিম গৃহকর্মী তৈরি করেছে যার নাম দেওয়া হয়েছে হিকারি। এই গৃহকর্মীকে দেখা যাবে হলোগ্রাফিক পর্দায়। হিকারী তার গৃহকর্তাকে ঘুম থেকে জাগানো, গুড মর্নিং বলা, অফিসের কাজের ফাঁকে ফাঁকে বিভিন্ন বার্তা পাঠানোর কাজও করবে। রাফি সদ্য পড়াশুনা শেষ করে বেসরকারি ব্যাংকের কর্মকর্তা হিসেবে যোগদান করেছে। যেহেতু সে বাসায় একা থাকে তাই মাঝে মাঝে ঘুম থেকে উঠতে দেরী হয়। সেজন্য সে একটি হিকারি কেনার সিদ্ধান্ত নিলেন। যেহেতু হিকারীর দাম বেশি তাই বাসা থেকে চুরি না হয় সেজন্য বাসার নিরাপত্তার ব্যবস্থা গ্রহণের চিন্তা করলেন যাতে পরিচিত ব্যক্তিরা নির্দিষ্ট বাটনে আঙুলের ছাপ দিয়ে বাসায় প্রবেশ করতে পারবে। যদিও নিরাপত্তার জন্য তার অফিসের টাকার ভোল্টে প্রবেশের জন্য মাইক্রোফোনে কথা বলে প্রবেশ করতে হয়।&nbsp;</p>\r\n\r\n<p>&nbsp;</p>\r\n\r\n<p>&nbsp;</p>\r\n', '[\"<p>ক্রায়োসার্জারি কী?</p>\\r\\n\\r\\n<p>&nbsp;</p>\\r\\n\\r\\n<p>&nbsp;</p>\\r\\n\",\"<p>আণবিক পর্যায়ের গবেষণার প্রযুক্তিটি ব্যাখ্যা কর।</p>\\r\\n\\r\\n<p>&nbsp;</p>\\r\\n\\r\\n<p>&nbsp;</p>\\r\\n\",\"<p>উদ্দীপকের হিকারি তৈরিতে ব্যবহৃত প্রযুক্তি ব্যাখ্যা কর।</p>\\r\\n\\r\\n<p>&nbsp;</p>\\r\\n\\r\\n<p>&nbsp;</p>\\r\\n\",\"<p>উদ্দীপকে রাফির বাসা ও অফিসে নিরাপত্তা ব্যবস্থা কৌশলের মধ্যে কোনটি বেশি উপযোগীবিশ্লেষণপূর্বক তোমার মতামত দাও।</p>\\r\\n\\r\\n<p>&nbsp;</p>\\r\\n\\r\\n<p>&nbsp;</p>\\r\\n\"]', '<p>উদ্দীপকে রাফির বাসা ও অফিসে নিরাপত্তা ব্যবস্থা কৌশলের মধ্যে কোনটি বেশি উপযোগীবিশ্লেষণপূর্বক তোমার মতামত দাও।</p>\r\n\r\n<p>&nbsp;</p>\r\n\r\n<p>&nbsp;</p>\r\n', '4', '2017', 1),
(31, 2, 3, 24, '<p>কৃষি গবেষক ড. ফয়সাল আবিস্কৃত বীজ চাষ করে একজন কৃষক পূর্বের ফলনের চেয়ে অধিক ফলন ঘরে তুলল। ড. ফয়সাল একবার ব্রেন টিউমারে আক্রান্ত হন এবং চিকিৎসকের শরণাপন্ন হন। ডাঃ জামিল ও তাঁর দল অপারেশনের পূর্বে বিশেষ ধরনের হেলমেট পরে কম্পিউটার নিয়ন্ত্রিত প্রযুক্তির মাধ্যমে অভিজ্ঞতা অর্জন করে সফল অস্ত্রোপচার সম্পন্ন করেন। এই ধরনের জটিল ব্রেন টিউমার অপারেশন এ দেশে এর আগে আর হয়নি।</p>\r\n<quillbot-extension-portal></quillbot-extension-portal>', '[\"<p>ক্রায়োসার্জারি কী?</p>\\r\\n<quillbot-extension-portal></quillbot-extension-portal>\",\"<p>উদ্দীপকে অধিক ফলনের প্রযুক্তি ব্যাখ্যা কর।&nbsp;</p>\\r\\n<quillbot-extension-portal></quillbot-extension-portal>\",\"<p>ড. ফয়সালের গবেষণায় কোন ধরনের প্রযুক্তি ব্যবহৃত হয়েছে? বর্ণনা কর।</p>\\r\\n<quillbot-extension-portal></quillbot-extension-portal>\",\"<p>ডাঃ জামিলের কার্যক্রমের যৌক্তিকতা বিশ্লেষণ কর।</p>\\r\\n<quillbot-extension-portal></quillbot-extension-portal>\"]', '<p>&nbsp;</p>\r\n<quillbot-extension-portal></quillbot-extension-portal>', NULL, NULL, 1),
(32, 2, 3, 24, '<p>লিজা এইচ এস সি পরীক্ষার কারণে ঈদের শপিংয়ের জন্য মার্কেটে যেতে পারেনি তবে সে তথ্য প্রযুক্তির সহায়তায় বাসায় বসেই যাবতীয় কেনাকাটা সম্পন্ন করে। লিজার বড় ভাই চিকিৎসা বিজ্ঞানের ছাত্র। সে দেখলো তার বড় ভাই কম্পিউটার নিয়ন্ত্রিত হেলমেট, গ্লাভস ইত্যাদি ব্যবহার করে চিকিৎসা বিজ্ঞানের বিভিন্ন জটিল বিষয়সমূহ অনুধাবনের চেষ্টা করছে।&nbsp;</p>\r\n\r\n<p>&nbsp;</p>\r\n\r\n<p>&nbsp;</p>\r\n', '[\"<p>বায়োমেট্রিক্স কী?</p>\\r\\n\\r\\n<p>&nbsp;</p>\\r\\n\\r\\n<p>&nbsp;</p>\\r\\n\",\"<p>&ldquo;ক্রায়োসার্জারির মাধ্যমে রক্তপাতহীন অপারেশন সম্ভব&rdquo;- বুঝিয়ে লেখ।&nbsp;</p>\\r\\n\\r\\n<p>&nbsp;</p>\\r\\n\\r\\n<p>&nbsp;</p>\\r\\n\",\"<p>লিজার কেনাকাটায় তথ্য প্রযুক্তির যে দিকটি প্রতিফলিত হয়েছে তা আলোচনা কর।&nbsp;</p>\\r\\n\\r\\n<p>&nbsp;</p>\\r\\n\\r\\n<p>&nbsp;</p>\\r\\n\",\"<p>লিজার ভাইয়ের কার্যক্রমের যৌক্তিকতা বিশ্লেষণ কর। &nbsp;&nbsp; &nbsp;</p>\\r\\n\\r\\n<p>&nbsp;</p>\\r\\n\\r\\n<p>&nbsp;</p>\\r\\n\"]', '<p>লিজার ভাইয়ের কার্যক্রমের যৌক্তিকতা বিশ্লেষণ কর। &nbsp;&nbsp; &nbsp;</p>\r\n\r\n<p>&nbsp;</p>\r\n\r\n<p>&nbsp;</p>\r\n', '9', '2016', 1),
(33, 2, 3, 24, '<p>জনাব শিহাব একজন বৈমানিক। তিনি কম্পিউটারের মেলা থেকে ১ টেরাবাইটের একটি হার্ডডিস্ক কিনলেন। এটির আকার বেশ ছোট দেখে তিনি অবাক হলেন। প্রযুক্তির অগ্রযাত্রায় বিভিন্ন ডিভাইসের আকার ছোট হয়ে আসছে। বিমান চালনা প্রশিক্ষণের ব্যবস্থাতেও পরিবর্তন এসেছে। এখন সত্যিকারের বিমান ব্যবহার না করে কম্পিউটার নিয়ন্ত্রিত পরিবেশে বিমান পরিচালনার প্রশিক্ষণ দেওয়া হয়।&nbsp;</p>\r\n\r\n<p>&nbsp;</p>\r\n\r\n<p>&nbsp;</p>\r\n', '[\"<p>বিশ্বগ্রাম কী?</p>\\r\\n\\r\\n<p>&nbsp;</p>\\r\\n\\r\\n<p>&nbsp;</p>\\r\\n\",\"<p>তথ্য ও যোগাযোগ প্রযুক্তি ব্যবহারে নৈতিকতা ব্যাখ্যা কর।</p>\\r\\n\\r\\n<p>&nbsp;</p>\\r\\n\\r\\n<p>&nbsp;</p>\\r\\n\",\"<p>উদ্দীপকে ছোট &nbsp;আকারের হার্ডডিস্কের ধারণক্ষমতা বৃদ্ধিতে যে প্রযুক্তি ব্যবহার করা হচ্ছে তার বর্ণনা দাও।</p>\\r\\n\\r\\n<p>&nbsp;</p>\\r\\n\\r\\n<p>&nbsp;</p>\\r\\n\",\"<p>বিমান চালনা প্রশিক্ষণে ব্যবহৃত বর্তমান প্রযুক্তিটি নগর পরিকল্পনার ক্ষেত্রে ব্যবহার করা যায়। ব্যাখ্যা কর।</p>\\r\\n\\r\\n<p>&nbsp;</p>\\r\\n\\r\\n<p>&nbsp;</p>\\r\\n\"]', '<p>বিমান চালনা প্রশিক্ষণে ব্যবহৃত বর্তমান প্রযুক্তিটি নগর পরিকল্পনার ক্ষেত্রে ব্যবহার করা যায়। ব্যাখ্যা কর।</p>\r\n\r\n<p>&nbsp;</p>\r\n\r\n<p>&nbsp;</p>\r\n', '6', '2017', 1),
(34, 2, 3, 24, '<p>ইলিয়াস সাহেব নিজের ল্যাপটপ ব্যবহার করেই বহির্বিশ্বের বিভিন্ন অনুষ্ঠান দেখেন এবং আমেরিকা প্রবাসী ছেলের সাথে প্রতিদিন কথা বলেন। ইলিয়াস সাহেবের ছেলে ইমরান ল্যাপটপের মাধ্যমেই বিদেশি লাইব্রেরি ও বিশ্ববিদ্যালয় থেকে প্রয়োজনীয় তথ্যাদি সংগ্রহ করে এবং ঘরে বসেই একটি বিদেশি ডিগ্রি অর্জন করে।&nbsp;</p>\r\n<quillbot-extension-portal></quillbot-extension-portal>', '[\"<p>ইলেকট্রনিক মেইল বা ই-মেইল কী?</p>\\r\\n<quillbot-extension-portal></quillbot-extension-portal>\",\"<p>টেলি-মেডিসিন এক ধরনের সেবা- বুঝিয়ে বল।</p>\\r\\n<quillbot-extension-portal></quillbot-extension-portal>\",\"<p>উদ্দীপকে ইলিয়াস সাহেবের ক্ষেত্রে বিশ্বগ্রামের উপাদানটি ব্যাখ্যা কর।</p>\\r\\n<quillbot-extension-portal></quillbot-extension-portal>\",\"<p>আমাদের দেশের শিক্ষায় ইমরানের কর্মকান্ডের প্রভাব বিশ্লেষণ কর।&nbsp;&nbsp; &nbsp;</p>\\r\\n<quillbot-extension-portal></quillbot-extension-portal>\"]', '<p>&nbsp;</p>\r\n<quillbot-extension-portal></quillbot-extension-portal>', NULL, NULL, 1),
(35, 2, 3, 24, '<p>সাব্বির সিঙ্গাপুরে বেড়াতে গেলে তার চাচা তাকে নিয়ে সায়েন্স পার্কে যায়। প্রবেশের সময় গেটে আঙ্গুল এবং চোখ ব্যবহৃত হয়। অতঃপর তারা সায়েন্স পার্কের প্লে জোনে গিয়ে বিশেষ ধরনের হেলমেট ও চশমা পরে অনেক্ষণ মজা করে ড্রাইভিং করে।</p>\r\n<quillbot-extension-portal></quillbot-extension-portal>', '[\"<p>ন্যানোটেকনোলজি কী?&nbsp;</p>\\r\\n<quillbot-extension-portal></quillbot-extension-portal>\",\"<p>তথ্য প্রযুক্তির সাম্প্রতিক প্রবণতায় ডায়াবেটিস রোগীরা কীভাবে উপকৃত হচ্ছে?</p>\\r\\n<quillbot-extension-portal></quillbot-extension-portal>\",\"<p>উদ্দীপকের প্লে জোনে ব্যবহৃত প্রযুক্তিটি ব্যাখ্যা কর।</p>\\r\\n<quillbot-extension-portal></quillbot-extension-portal>\",\"<p>উদ্দীপকের গেটে এবং আরেকটি স্থানে ব্যবহৃত প্রযুক্তির মধ্যে কোনটি অধিকতর ব্যবহৃত হচ্ছেবিশ্লেষণপূর্বক তোমার মতামত দাও।&nbsp;&nbsp; &nbsp;</p>\\r\\n<quillbot-extension-portal></quillbot-extension-portal>\"]', '<p>&nbsp;</p>\r\n<quillbot-extension-portal></quillbot-extension-portal>', NULL, NULL, 1),
(36, 2, 3, 24, '<p>জনাব সাব্বির এক ব্যবসায়িক সভায় ল্যাপটপ চালু করে নিজের ব্যবসা সংক্রান্ত কিছু ভিডিও দেখালেন। তার একজন ব্যবসায়িক প্রতিদ্ব&rsaquo;দ্বী তার অনুপস্থিতিতে সে ভিডিওগুলো নেয়ার জন্য সাব্বির সাহেবের কম্পিউটার খুললেন কিন্তু তিনি সেখানে কিছুই পেলেন না। কিছুক্ষণ পর সাব্বির সাহেব ফিরে এসে কম্পিউটার খুললে প্রতিদ্ব&rsaquo;দ্বী ব্যবসায়ী ব্যবসা সংক্রান্ত ঐ ভিডিওগুলো দেখতে চাইলে তিনি তা তাকে আবার দেখালেন।&nbsp;</p>\r\n\r\n<p>&nbsp;</p>\r\n\r\n<p>&nbsp;</p>\r\n', '[\"<p>ফ্লাইট সিমুলেশন কি?</p>\\r\\n\\r\\n<p>&nbsp;</p>\\r\\n\\r\\n<p>&nbsp;</p>\\r\\n\",\"<p>3G মোবাইলের আবিষ্কার আমাদেরকে যে সুযোগ সৃষ্টি করে দিয়েছে তা বর্ণনা কর।</p>\\r\\n\\r\\n<p>&nbsp;</p>\\r\\n\\r\\n<p>&nbsp;</p>\\r\\n\",\"<p>সাব্বির সাহেব কোথায় তথ্য সংরক্ষণ করেন তার বর্ণনা দাও।</p>\\r\\n\\r\\n<p>&nbsp;</p>\\r\\n\\r\\n<p>&nbsp;</p>\\r\\n\",\"<p>ICT এর ভাষায় উদ্দীপকে উল্লিখিত ব্যবসায়িক প্রতিদ্ব&rsaquo;দ্বীর কর্মকান্ড মূল্যায়ন কর।&nbsp;</p>\\r\\n\\r\\n<p>&nbsp;</p>\\r\\n\\r\\n<p>&nbsp;</p>\\r\\n\"]', '<p>ICT এর ভাষায় উদ্দীপকে উল্লিখিত ব্যবসায়িক প্রতিদ্ব&rsaquo;দ্বীর কর্মকান্ড মূল্যায়ন কর।&nbsp;</p>\r\n\r\n<p>&nbsp;</p>\r\n\r\n<p>&nbsp;</p>\r\n', '8', '2017', 1),
(37, 2, 3, 24, '<p>আলতাফ কম্পিউটার বিষয়ে প্রশিক্ষণ নিয়ে ঘরে বসে বিশেষ পদ্ধতিতে কাজ করে বৈদেশিক মুদ্রা অর্জন করে অর্থনৈতিকভাবে স্বাবলম্বী হয়েছে। তার বড় ভাই মিজান ব্যবসার পণ্য সামগ্রী ক্রয়-বিক্রয় ও অন্যান্য ব্যবসায়িক কর্মকান্ড পরিচালনার জন্য নিজস্ব ওয়েবসাইট ও ই-মেইল একাউন্ট খুলে পণ্য-দ্রব্যের বিজ্ঞাপন দিয়ে অল্পসময়ে ব্যবসায় উন্নতি ও খ্যাতি অর্জন করে।</p>\r\n<quillbot-extension-portal></quillbot-extension-portal>', '[\"<p>ভিডিও কনফারেন্সিং কী?</p>\\r\\n<quillbot-extension-portal></quillbot-extension-portal>\",\"<p>প্রযুক্তি নির্ভর সমাজের/বিশ্বের সুবিধা ব্যাখ্যা কর।&nbsp;&nbsp; &nbsp;</p>\\r\\n<quillbot-extension-portal></quillbot-extension-portal>\",\"<p>উদ্দীপকের আলোকে মিজানের ব্যবসায়িক কর্মকান্ড ব্যাখ্যা কর।</p>\\r\\n<quillbot-extension-portal></quillbot-extension-portal>\",\"<p>&ldquo;বাংলাদেশের যুব সমাজের বেকারত্ব দূরীকরণে আলতাফ অনুকরণীয় দৃষ্টান্ত&rdquo;-উক্তিটির যৌক্তিকতা বিশ্লেষণ কর।&nbsp;&nbsp; &nbsp;</p>\\r\\n<quillbot-extension-portal></quillbot-extension-portal>\"]', '<p>&nbsp;</p>\r\n<quillbot-extension-portal></quillbot-extension-portal>', NULL, NULL, 1),
(38, 2, 3, 24, '<p>১ম বর্ষের ওরিয়েন্টশন ক্লাসে অধ্যক্ষ মহোদয় বললেন, &ldquo;নিয়মিত ক্লাসে উপস্থিত হতে হবে। একজনের উপস্থিতি যেন অন্য কেউ দিতে না পারে, তার জন্য বিশেষ যন্ত্র আছে। শুধু তাই নয়, ক্লাসে উপস্থিত না হলে অভিভাবক তা স্বয়ংক্রিয়ভাবে সাথে সাথে &nbsp;জেনে যাবেন।&rdquo;</p>\r\n<quillbot-extension-portal></quillbot-extension-portal>', '[\"<p>জেনেটিক ইঞ্জিনিয়ারিং কী?</p>\\r\\n<quillbot-extension-portal></quillbot-extension-portal>\",\"<p>&nbsp;&nbsp; &nbsp;&ldquo;প্রযুক্তি ব্যবহারের মাধ্যমে নিরাপদে প্রাক্ ড্রাইভিং প্রশিক্ষণ সম্ভব&rdquo;- কীভাবে?</p>\\r\\n<quillbot-extension-portal></quillbot-extension-portal>\",\"<p>উদ্দীপকের আলোকে উপস্থিতি নিশ্চিতকরণ পদ্ধতি ব্যাখা কর।&nbsp;&nbsp; &nbsp;</p>\\r\\n<quillbot-extension-portal></quillbot-extension-portal>\",\"<p>&ldquo;তথ্য প্রযুক্তি ব্যবহার করে শিক্ষাঙ্গনে শিক্ষার অনুকূল পরিবেশ সৃষ্টি করা সম্ভব&rdquo;-উদ্দীপকের আলোকে আলোচনা কর।</p>\\r\\n<quillbot-extension-portal></quillbot-extension-portal>\"]', '<p>&nbsp;</p>\r\n<quillbot-extension-portal></quillbot-extension-portal>', NULL, NULL, 1),
(39, 2, 3, 24, '<p>দৃশ্যকল্প-১ : আসিফ কুয়াকাটা বেড়াতে গিয়ে অসুস্থ হয়ে পড়লে ঢাকায় অবস্থানরত একজন চিকিৎসকের সঙ্গে যোগাযোগ করে। তিনি আসিফকে দ্র&aelig;ত হাসপাতালে যেতে পরামর্শ দিলেন। পরে হাসপাতালের চিকিৎসক ঢাকার বিশেষজ্ঞ চিকিৎসকের পরামর্শ অনুযায়ী তাকে ঢাকার হাসপাতালে প্রেরণ করে।&nbsp;<br />\r\nদৃশ্যকল্প-২:&nbsp;&nbsp; &nbsp;কম্পিউটার প্রশিক্ষিত সুমি&nbsp;&nbsp; &nbsp;&rarr;&nbsp;&nbsp; &nbsp;ইউনিয়ন তথ্য সেবা কেন্দ্রে চাকরি&nbsp;&nbsp; &nbsp;&rarr;&nbsp;&nbsp; &nbsp;স্বাবলম্বী&nbsp;&nbsp; &nbsp;&rarr;&nbsp;&nbsp; &nbsp;দেশের উন্নয়ন</p>\r\n<quillbot-extension-portal></quillbot-extension-portal>', '[\"<p>ই-মেইল কী?&nbsp;</p>\\r\\n<quillbot-extension-portal></quillbot-extension-portal>\",\"<p>নিরাপত্তায় বায়োমেট্রিক্স প্রযুক্তির অবদান বুঝিয়ে লেখ।&nbsp;</p>\\r\\n<quillbot-extension-portal></quillbot-extension-portal>\",\"<p>দৃশ্যকল্প-১ এ কোন প্রযুক্তির উল্লেখ করা হয়েছে তা ব্যাখ্যা কর।&nbsp;</p>\\r\\n<quillbot-extension-portal></quillbot-extension-portal>\",\"<p>দৃশ্যকল্প-২ এর প্রবাহ চিত্রের আলোকে তথ্য প্রযুক্তির ভূমিকা বিশ্লেষণ কর।</p>\\r\\n<quillbot-extension-portal></quillbot-extension-portal>\"]', '<p>&nbsp;</p>\r\n<quillbot-extension-portal></quillbot-extension-portal>', NULL, NULL, 1),
(40, 2, 3, 24, '<p>রাজিব শিক্ষা সফরে ঢাকা এসে বঙ্গবন্ধু নভোথিয়েটার পরিদর্শনে যায়। সেখানে সে কৃত্রিম পরিবেশে সৌর দৃশ্যাবলি অবলোকন করে। রাজিব মহাকাশ ভ্রমণরত একজন নভোচারীর মত রোমাঞ্চকর অনুভূতি অনুভব করল। পরবর্তীতে রাজিব তার বন্ধুদের সাথে তার অভিজ্ঞতা বিনিময় করে এবং তারা একটি মহাকাশ জ্ঞানচর্চা নামে ক্লাব গড়ে তোলে। &nbsp;</p>\r\n<quillbot-extension-portal></quillbot-extension-portal>', '[\"<p>কৃত্রিম বুদ্ধিমত্তা কী?&nbsp;</p>\\r\\n<quillbot-extension-portal></quillbot-extension-portal>\",\"<p>বায়োমেট্রিক্স একটি আচরণীক বৈশিষ্ট্যনির্ভর প্রযুক্তি কেন?</p>\\r\\n<quillbot-extension-portal></quillbot-extension-portal>\",\"<p>উদ্দীপকে ব্যবহৃত প্রযুক্তিটি ব্যাখ্যা কর। &nbsp;</p>\\r\\n<quillbot-extension-portal></quillbot-extension-portal>\",\"<p>রাজিবের ক্ষেত্রে তথ্য প্রযুক্তির প্রভাব যুক্তিসহ বিশ্লেষণ কর।&nbsp;</p>\\r\\n<quillbot-extension-portal></quillbot-extension-portal>\"]', '<p>&nbsp;</p>\r\n<quillbot-extension-portal></quillbot-extension-portal>', NULL, NULL, 1),
(41, 2, 3, 24, '<p>ড: মাকসুদ দেশের খাদ্য ঘাটতি পূরণ নিমিত্তে দীর্ঘদিন গবেষণা করে বন্যা ও খরা সহনশীল উন্নতজাতের ধান আবিষ্কার করেন। তথ্যের যথাযথ ব্যবস্থা না নেওয়ায় অন্য একজন তার গবেষণালব্দ ফল নিজের নামে পেটেন্ট দাবি করে।&nbsp;&nbsp; &nbsp;[মা.বো. ২০১৭]</p>\r\n<quillbot-extension-portal></quillbot-extension-portal>', '[\"<p>ই-মেইল কী?</p>\\r\\n<quillbot-extension-portal></quillbot-extension-portal>\",\"<p>&ldquo;বিশ্বগ্রামের মেরুদ&ETH;ই হচ্ছে কানেক্টিভিটি&rdquo;- বিশ্লেষণ কর।</p>\\r\\n<quillbot-extension-portal></quillbot-extension-portal>\",\"<p>খাদ্য ঘাটতি পূরণে মাকসুদ সাহেবের প্রযুক্তি বর্ণনা কর।</p>\\r\\n<quillbot-extension-portal></quillbot-extension-portal>\",\"<p>পেটেন্ট দাবিকারীর কর্মকান্ড মূল্যায়ন কর।</p>\\r\\n<quillbot-extension-portal></quillbot-extension-portal>\"]', '<p>&nbsp;</p>\r\n<quillbot-extension-portal></quillbot-extension-portal>', NULL, NULL, 1),
(42, 2, 3, 24, '<p>সাভারের রানা প্লাজা ধ্বসে নিহত বহু পোশাক শ্রমিকের পরিচয় প্রাথমিক অবস্থায় শনাক্ত করা যাচ্ছিল না। পরবর্তীতে সরকারের সদিচ্ছায় উচ্চ প্রযুক্তির মাধ্যমে অধিকাংশ লাশ শনাক্ত করা সম্ভব হয়। &nbsp;</p>\r\n\r\n<p>&nbsp;</p>\r\n', '[\"<p>ন্যানো টেকনোলজি কী?&nbsp;</p>\\r\\n\\r\\n<p>&nbsp;</p>\\r\\n\",\"<p>জেনেটিক ইঞ্জিনিয়ারিং কীভাবে মানুষকে সহায়তা দিচ্ছে?&nbsp;&nbsp; &nbsp;</p>\\r\\n\\r\\n<p>&nbsp;</p>\\r\\n\",\"<p>উদ্দীপকে বর্ণিত পরিস্থিতিতে শ্রমিকদের লাশ শনাক্তকরণের জন্য গৃহীত পদ্ধতি চিহ্নিত করে তা ব্যাখ্যা কর।&nbsp;</p>\\r\\n\\r\\n<p>&nbsp;</p>\\r\\n\",\"<p>উদ্দীপকের আলোকে তথ্য-প্রযুক্তি ব্যবহার করে প্রতিরোধমূলক ব্যবস্থা গ্রহণের মাধ্যমে ঝুঁকি কমিয়ে আনা সম্ভব- বিশ্লেষণ কর।&nbsp;&nbsp; &nbsp;</p>\\r\\n\\r\\n<p>&nbsp;</p>\\r\\n\"]', '<p>উদ্দীপকের আলোকে তথ্য-প্রযুক্তি ব্যবহার করে প্রতিরোধমূলক ব্যবস্থা গ্রহণের মাধ্যমে ঝুঁকি কমিয়ে আনা সম্ভব- বিশ্লেষণ কর।&nbsp;&nbsp; &nbsp;</p>\r\n\r\n<p>&nbsp;</p>\r\n', '4', '2017', 1),
(43, 2, 3, 24, '<p>ড. জামিল একজন কৃষি গবেষক। তাঁর আবিষ্কৃত বীজ চাষ করে একজন কৃষক পূর্বের ফসলে চেয়ে অধিক ফসল ঘরে তুলল। ড. জামিল একদিন তাঁর বন্ধু চিকিৎসকের নিকট গালের আঁচিল অপারেশনের জন্য গেলেন। বন্ধু তাকে স্বল্প সময়ে 20<sup>০</sup>C&nbsp; তাপমাত্রায় রক্তপাতহীন অপারেশন করলেন। তিনি তৎক্ষণাৎ বাড়ী ফিরে এলেন।&nbsp;&nbsp; &nbsp;[ব.বো. ২০১৭]</p>\r\n\r\n<p>&nbsp;</p>\r\n\r\n<p>&nbsp;</p>\r\n<quillbot-extension-portal></quillbot-extension-portal>', '[\"<p>রোবোটিক্স কী?</p>\\r\\n\\r\\n<p>&nbsp;</p>\\r\\n\\r\\n<p>&nbsp;</p>\\r\\n<quillbot-extension-portal></quillbot-extension-portal>\",\"<p>ব্যক্তি শনাক্তকরণের প্রযুক্তিটি ব্যাখ্যা কর।&nbsp;&nbsp; &nbsp;</p>\\r\\n\\r\\n<p>&nbsp;</p>\\r\\n\\r\\n<p>&nbsp;</p>\\r\\n<quillbot-extension-portal></quillbot-extension-portal>\",\"<p>ড. জামিলের গবেষণায় কোন ধরনের প্রযুক্তি ব্যবহৃত হয়েছে ব্যাখ্যা কর।</p>\\r\\n\\r\\n<p>&nbsp;</p>\\r\\n\\r\\n<p>&nbsp;</p>\\r\\n<quillbot-extension-portal></quillbot-extension-portal>\",\"<p>ড. জামিলের বন্ধুর চিকিৎসা পদ্ধতির যৌক্তিকতা বিশ্লেষণপূর্বক মতামত দাও।</p>\\r\\n\\r\\n<p>&nbsp;</p>\\r\\n\\r\\n<p>&nbsp;</p>\\r\\n<quillbot-extension-portal></quillbot-extension-portal>\"]', '<p>ড. জামিলের বন্ধুর চিকিৎসা পদ্ধতির যৌক্তিকতা বিশ্লেষণপূর্বক মতামত দাও।</p>\r\n\r\n<p>&nbsp;</p>\r\n\r\n<p>&nbsp;</p>\r\n<quillbot-extension-portal></quillbot-extension-portal>', '5', NULL, 1),
(44, 2, 3, 24, '<p>জয়িতা চৌধুরী পরীক্ষা সংক্রান্ত প্রজেক্ট পেপার তৈরির ক্ষেত্রে ইন্টারনেটের সহায়তা নিয়ে থাকে। সে নিয়ম মেনে প্রতিটি তথ্যের উৎস উল্লেখ করে। ইন্টারনেট থেকে প্রাপ্ত তথ্য হতে সে এমন একটি প্রযুক্তি সম্পর্কে জেনেছে যা দিয়ে অণুর গঠন দেখা সম্ভব। তবে জয়ন্ত ইন্টারনেট থেকে বিভিন্ন ফাইলের সফটকপি সংগ্রহ করে কোনোরূপ কৃতজ্ঞতা জ্ঞাপন ছাড়াই নিজের নামে প্রকাশ করে।&nbsp;</p>\r\n\r\n<p>&nbsp;</p>\r\n\r\n<p>&nbsp;</p>\r\n', '[\"<p>বায়োইনফরমেটিক্স কী?&nbsp;&nbsp; &nbsp;</p>\\r\\n\\r\\n<p>&nbsp;</p>\\r\\n\\r\\n<p>&nbsp;</p>\\r\\n\",\"<p>বাস্তবে অবস্থান করেও কল্পনাকে ছুঁয়ে দেখা সম্ভব- ব্যাখ্যা কর।</p>\\r\\n\\r\\n<p>&nbsp;</p>\\r\\n\\r\\n<p>&nbsp;</p>\\r\\n\",\"<p>উদ্দীপকে উল্লিখিত প্রযুক্তিটির ব্যাখ্যা কর।</p>\\r\\n\\r\\n<p>&nbsp;</p>\\r\\n\\r\\n<p>&nbsp;</p>\\r\\n\",\"<p>তথ্য প্রযুক্তির নৈতিকতার বিচারে জয়িতা চৌধুরী ও জয়ন্তের আচরণ মূল্যায়ন কর।&nbsp;&nbsp; &nbsp;</p>\\r\\n\\r\\n<p>&nbsp;</p>\\r\\n\\r\\n<p>&nbsp;</p>\\r\\n\"]', '<p>তথ্য প্রযুক্তির নৈতিকতার বিচারে জয়িতা চৌধুরী ও জয়ন্তের আচরণ মূল্যায়ন কর।&nbsp;&nbsp; &nbsp;</p>\r\n\r\n<p>&nbsp;</p>\r\n\r\n<p>&nbsp;</p>\r\n', '4,8,12,1', '', 1),
(45, 2, 3, 24, '<p>আসিফ আমেরিকার একটি বিশ্ববিদ্যালয়ে পড়াশুনার সুযোগ পায়। কিন্তু আর্থিক অস্বচ্ছলতার কারণে আমেরিকাতে যাওয়া সম্ভব হয়নি। অতঃপর বাংলাদেশে বসেই অনলাইনের মাধ্যমে বিশ্ববিদ্যালয়ের ডিগ্রি অর্জন করল। আসিফ পড়াশুনার ফাঁকে ফাঁকে অনলাইনে কাজ করে অর্থ উপার্জন করে। ফলে তার পারিবারিক অবস্থার উন্নতি হয়। তার বন্ধু মনির নতুন জাতের টমোটো চাষ করে আর্থিকভাবে লাভবান হয়।&nbsp; &nbsp;</p>\r\n\r\n<p>&nbsp;</p>\r\n\r\n<p>&nbsp;</p>\r\n', '[\"<p>ন্যানো টেকনোলজি কী?</p>\\r\\n\\r\\n<p>&nbsp;</p>\\r\\n\\r\\n<p>&nbsp;</p>\\r\\n\",\"<p>নিম্ন তাপমাত্রায় চিকিৎসা পদ্ধতি ব্যাখ্যা কর।</p>\\r\\n\\r\\n<p>&nbsp;</p>\\r\\n\\r\\n<p>&nbsp;</p>\\r\\n\",\"<p>আসিফের বিশ্ববিদ্যালয়ের ডিগ্রি অর্জন কীভাবে সম্ভব হয়েছে? ব্যাখ্যা কর।&nbsp;&nbsp; &nbsp;</p>\\r\\n\\r\\n<p>&nbsp;</p>\\r\\n\\r\\n<p>&nbsp;</p>\\r\\n\",\"<p>উদ্দীপকের আলোকে আসিফ ও মনির এর আর্থিক সচ্ছলতার কারণ তুলনামূলক বিশ্লেষণপূর্বক তোমার মতামত দাও।</p>\\r\\n\\r\\n<p>&nbsp;</p>\\r\\n\\r\\n<p>&nbsp;</p>\\r\\n\"]', '<p>উদ্দীপকের আলোকে আসিফ ও মনির এর আর্থিক সচ্ছলতার কারণ তুলনামূলক বিশ্লেষণপূর্বক তোমার মতামত দাও।</p>\r\n\r\n<p>&nbsp;</p>\r\n\r\n<p>&nbsp;</p>\r\n', '9', '2017', 1),
(46, 2, 3, 24, '<p>সোমা তার বন্ধুকে মোবাইল দিয়ে গুগল ম্যাপ ব্যবহার করে উত্তরায় তার বাড়ির অবস্থান দেখচ্ছিল। সোমা অবাক হয়ে জানতে চাইল এটা কীভাবে করলি? সোমা বললো এটা তো কিছুই না আমি আমার এই মোবাইল দিয়ে চাইলে বাড়িতে বসেই আমার পড়াশোনার বিষয়ে যে কোনো তথ্য জানতে পারি, এমনকি আমার প্রয়োজনীয় পাঠ্য বইও এখানে &nbsp;রেখে দিতে পারি ।&nbsp;&nbsp;</p>\r\n\r\n<p>&nbsp;</p>\r\n\r\n<p>&nbsp;</p>\r\n\r\n<p>&nbsp;</p>\r\n', '[\"<p>জিপিএস (GPS) কি?</p>\\r\\n\\r\\n<p>&nbsp;</p>\\r\\n\",\"<p>&lsquo;অ্যাকচুয়েটর হলো রোবোটের পেশী&rsquo;- ব্যাখ্যা কর।</p>\\r\\n\\r\\n<p>&nbsp;</p>\\r\\n\",\"<p>বিশ্বগ্রামে যোগাযোগকে সহজ করতে জনপ্রিয় গুগল ম্যাপ এর ব্যবহৃত প্রযুক্তিটি ব্যাখ্যা কর।</p>\\r\\n\\r\\n<p>&nbsp;</p>\\r\\n\",\"<p>সোমা তার পড়াশোনার জন্য যে মোবাইলের সহায়তা নিচ্ছে তা কতটা ইতিবাচক বা নেতিবাচক এ বিষয়ে যুক্তিসহ তোমার মতামত উপস্থাপন কর।&nbsp;&nbsp; &nbsp;</p>\\r\\n\\r\\n<p>&nbsp;</p>\\r\\n\"]', '<p>সোমা তার পড়াশোনার জন্য যে মোবাইলের সহায়তা নিচ্ছে তা কতটা ইতিবাচক বা নেতিবাচক এ বিষয়ে যুক্তিসহ তোমার মতামত উপস্থাপন কর।&nbsp;&nbsp; &nbsp;</p>\r\n\r\n<p>&nbsp;</p>\r\n', '5', '2012', 1),
(47, 2, 3, 24, '<p>রনি তার ভাইয়ের বাসায় বেড়াতে এসে দেখল তার বাসায় মানুষের মতো একটি যন্ত্র ভাইয়ার নির্দেশমতো বিভিন্ন রকম কাজ করছে। ভাইয়ার ঘর পরিষ্কার, চা বানানো এমনকি ভাইয়ার থিসিসের কাজগুলোতেও সে ভাইয়ার নির্দেশমতো নির্ভুলভাবে সব রকম সাহায্য করে যাচ্ছে। এর মধ্যে ভাইয়ার মোবাইলে তার ল্যাবের একজন সহকারী ফোন করল। রনি দেখল তিনি ভাইয়ার ফোনে তার ল্যাবের কমপিউটারটির স্ক্রিনের ভিডিও দেখিয়ে সেখানে কি যেন একটা সমস্যার সমাধান ভাইয়ার কাছ থেকে জেনে নিল। &nbsp;</p>\r\n<quillbot-extension-portal></quillbot-extension-portal>', '[\"<p>বুলেটিন বোর্ড কী?</p>\\r\\n<quillbot-extension-portal></quillbot-extension-portal>\",\"<p>কীভাবে বিশ্বকে নেটওয়ার্কের আওতায় আনা যায় ব্যাখ্যা কর।&nbsp;</p>\\r\\n<quillbot-extension-portal></quillbot-extension-portal>\",\"<p>উদ্দীপকে রনির ভাইয়ের সহকর্মীর ব্যবহৃত প্রযুক্তির জন্য প্রয়োজনীয় উপকরণগুলো বর্ণনা কর।&nbsp;</p>\\r\\n<quillbot-extension-portal></quillbot-extension-portal>\",\"<p>রনির ভাইয়ের শারীরিক পরিবর্তন বিবেচনায় নিয়ে উদ্দীপক উল্লিখিত যন্ত্রটি ব্যবহারের নেতিবাচক প্রভাব কীভাবে কাটিয়ে ওঠা যায় সে সম্পর্কে তোমার সুচিন্তিত মতামত প্রদান কর।&nbsp;&nbsp; &nbsp;</p>\\r\\n<quillbot-extension-portal></quillbot-extension-portal>\"]', '<p>&nbsp;</p>\r\n<quillbot-extension-portal></quillbot-extension-portal>', NULL, NULL, 1),
(48, 2, 3, 24, '<p>রুমার মা হঠাৎ করে অসুস্থ হয়ে পড়লে তাঁকে হাসপাতালে ভর্তির পর জানা যায় তাঁর কানেক্টিভ টিস্যু (যোজক কলা) তে টিউমার রয়েছে যা তৎক্ষণাৎ অপসারণ করা প্রয়োজন। কিন্তু বয়সজনিত জটিলতায় তাঁকে অপারেশন করা সম্ভব নয়। এমতাবস্থায় &nbsp;হাসপাতালের বিশেষজ্ঞ ডা: সুমন সিদ্ধান্ত নেন বিশেষ পদ্ধতিতে কোন কাটাছেঁড়া ছাড়াই তাঁর টিউমারটি অপসারণ করতে হবে। এক্ষেত্রে তিনি অপারেশনের সময় সম্পূর্ণ প্রক্রিয়াটিতে যে কোনো অনাকাক্সিক্ষত জটিলতা এড়াতে তাৎক্ষণিক সহায়তা এবং প্রায়োজনীয় পরামর্শ দিতে তাঁর এককালীন অত্যন্ত &nbsp;ঘনিষ্ঠ সহকর্মী সিঙ্গাপুরে অবস্থানরত টিউমার ও ক্যান্সার বিশেষজ্ঞ ডা: বকুলকে অনুরোধ জানান।</p>\r\n<quillbot-extension-portal></quillbot-extension-portal>', '[\"<p>জিআইএস(GIS) কি?</p>\\r\\n<quillbot-extension-portal></quillbot-extension-portal>\",\"<p>চিকিৎসা ক্ষেত্রে AI এর প্রয়োগ বুঝিয়ে লেখ।</p>\\r\\n<quillbot-extension-portal></quillbot-extension-portal>\",\"<p>অপারেশন চলাকালীন সময় ডা : সুমনের সাথে সার্বক্ষণিক যুক্ত থাকার মাধ্যমে তাঁর সাহায্য গ্রহণের জন্য প্রয়োজনীয় প্রযুক্তিটি ব্যাখ্য কর।</p>\\r\\n<quillbot-extension-portal></quillbot-extension-portal>\",\"<p>রুমার মায়ের চিকিৎসায় ডাঃ সুমনের নেয়া সিদ্ধান্তসমূহ &nbsp;কতটুকু বাস্তবসম্মত সে বিষয়ে যুক্তিসহ তোমার মতামত উপস্থাপন কর।&nbsp;&nbsp; &nbsp;</p>\\r\\n<quillbot-extension-portal></quillbot-extension-portal>\"]', '<p>&nbsp;</p>\r\n<quillbot-extension-portal></quillbot-extension-portal>', NULL, NULL, 1),
(49, 2, 3, 24, '<p>সুজন সম্প্রতি সিম কিনতে দোকানে গেলে দোকানি পরিচয় নিশ্চিত করতে তার পরিচয়পত্রের ফটোকপি নেবার পর একটি যন্ত্রে তার হাতের আঙুলের ছাপ দিতে বলল। দোকানির সিম বিক্রির কার্যক্রমের মাঝে সুজন দোকানে ঝুলিয়ে রাখা বিভিন্ন ইন্ট্রিগ্রেটেড মেমোরি কার্ডের প্যাকেটগুলো লক্ষ্য করল। সে ভাবল এখনকার মেমোরি কার্ডগুলো যত ছোটো, তাদের ধারণ ক্ষমতা ততই বেশি। কোনোটা ৩২ জিবি, কোনোটা ৬৪ জিবি, এমনকি ১২৮ জিবি পর্যন্ত মেমোরি দেখার পর মনে মনে সে হাসল। মাত্র বছর দশেক আগেও এদেশে এদেশে ১ গিগাবাইট মেমোরি ছিল সর্বোচ্চ। ইতোমধ্যে দোকানি তাকে বলল, স্যার আপনার আঙুলের ছাপটি আরেকবার দিন। অবশেষে ৩য় বার আঙুলের ছাপ দেবার পর সুজন তার পরিচিতি নিশ্চিত করে সীম কিনতে সক্ষম হলো।</p>\r\n\r\n<p>&nbsp;</p>\r\n\r\n<p>&nbsp;</p>\r\n', '[\"<p>আরএফআইডি (RFID) কি?</p>\\r\\n\\r\\n<p>&nbsp;</p>\\r\\n\\r\\n<p>&nbsp;</p>\\r\\n\",\"<p>&lsquo;কম্পিউটার নিয়ন্ত্রিত পরিবেশে অবাস্তবকে বাস্তবের ন্যায় অনুভূত হয়&rsquo;-ব্যাখ্যা কর।</p>\\r\\n\\r\\n<p>&nbsp;</p>\\r\\n\\r\\n<p>&nbsp;</p>\\r\\n\",\"<p>উদ্দীপকে সুজনের মেমোরি কার্ড বিষয়ক ভাবনার সাথে সংশ্লিষ্ট প্রযুক্তিটি ব্যাখ্যা কর।</p>\\r\\n\\r\\n<p>&nbsp;</p>\\r\\n\\r\\n<p>&nbsp;</p>\\r\\n\",\"<p>উদ্দীপকে সীম কেনার জন্য সুজনের পরিচিতি নিশ্চিত করতে ব্যবহৃত প্রযুক্তিটির ক্ষেত্রে সৃষ্ট জটিলতার কারণ কি? তোমার মতামতটি যুক্ত দিয়ে বিশ্লেষণ কর।&nbsp;</p>\\r\\n\\r\\n<p>&nbsp;</p>\\r\\n\\r\\n<p>&nbsp;</p>\\r\\n\"]', '<p>উদ্দীপকে সীম কেনার জন্য সুজনের পরিচিতি নিশ্চিত করতে ব্যবহৃত প্রযুক্তিটির ক্ষেত্রে সৃষ্ট জটিলতার কারণ কি? তোমার মতামতটি যুক্ত দিয়ে বিশ্লেষণ কর।&nbsp;</p>\r\n\r\n<p>&nbsp;</p>\r\n\r\n<p>&nbsp;</p>\r\n', '4', '2000', 1),
(50, 2, 3, 24, '<p>মি: মোকলেছ সাহেব পেশায় মৎস্যবিদ। দেশে মাছের ঘাটতি পূরণের জন্য প্রযুক্তি ব্যবহার করে নতুন নতুন প্রজাতির মাছ উৎপাদন করেন। তার অফিসে প্রবেশের জন্য দরজার সমনে রাখা একটি মেশিনে আঙ্গুলের ছাপ দিলে দরজা খুলে যায়। অতঃপর তার কক্ষে প্রবেশের জন্য দরজার সামনে রাখা একটি মেশিনের দিকে তাকালে দরজা খুলে যায়।</p>\r\n\r\n<p>&nbsp;</p>\r\n', '[\"<p>রোবটিক্স কী?</p>\\r\\n\\r\\n<p>&nbsp;</p>\\r\\n\\r\\n<p>&nbsp;</p>\\r\\n\",\"<p>প্রযুক্তির ব্যবহারে মটর ড্রাইভিং প্রশিক্ষণ সম্ভব- কথাটি ব্যাখ্যা কর।</p>\\r\\n\\r\\n<p>&nbsp;</p>\\r\\n\",\"<p>উদ্দীপকের আলোকে মাছ উৎপাদনের প্রযুক্তিটি বর্ণনা কর। &nbsp;</p>\\r\\n\\r\\n<p>&nbsp;</p>\\r\\n\\r\\n<p>&nbsp;</p>\\r\\n\",\"<p>উদ্দীপকের আলোকে অফিসে প্রবেশ ও কক্ষে প্রবেশের জন্য কৌশল দুটির মধ্যে কোনটি বেশি সুবিধাজনক? বিশ্লেষণ কর।</p>\\r\\n\\r\\n<p>&nbsp;</p>\\r\\n\"]', '<p>Coming soon</p>\r\n', '4', '2019', 1),
(51, 1, 1, 6, '<p>test asgsdag</p>\r\n', '[\"<p>asgd</p>\\r\\n\",\"<p>asdg</p>\\r\\n\",\"<p>asg</p>\\r\\n\",\"<p>asgd</p>\\r\\n\"]', '<p>asgd</p>\r\n', '5,7,9,12,1,2,3', '2016', 1),
(52, 2, 3, 24, '<p>ড. মিজান ভূমিকম্পে বাংলাদেশের জানমালের ক্ষয়ক্ষতির পরিমাণ কীভাবে কমানো সম্ভব তা নিয়ে গবেষণা করেন। এ গবেষণায় তিনি নিজের ল্যাবে বসেই ভূমিকম্পে প্রবণ দেশগুলোর গবেষকদের সাথে যোগাযোগ রাখেন। ভূমিকম্পের বাস্তব অনুভূতি ও করণীয় পর্যবেক্ষণ করতে তিনি জাপানের একটি অত্যাধুনিক প্রযুক্তি সম্বলিত গবেষণা কেন্দ্রে গমন করেন।</p>\r\n', '[\"<p>অ্যাকচুয়েটর কী?&nbsp;</p>\\r\\n\",\"<p>ই-কমার্স ব্যবসা বাণিজ্যকে সহজ করেছে ব্যাখ্যা কর।</p>\\r\\n\",\"<p>ড. মিজান কিভাবে অন্যান্য গবেষকদের সাথে যোগাযোগ করেন? ব্যাখ্যা কর।</p>\\r\\n\",\"<p>ভূমিকম্পের বাস্তব অনুভূতি ও করণীয় নির্ধারণে ড. মিজান কোন প্রযুক্তির ব্যবহার দেখতে জাপানে গেলেন? বিশ্লেষণ কর।</p>\\r\\n\"]', '', '', '', 1),
(53, 2, 3, 24, '<p>&ldquo;S&rdquo; সাহেব একজন বড় ব্যবসায়ী। তাঁর অফিসের কর্মচারীদেরকে একটি সুইচে হাতের ছাপ দিয়ে উপস্থিতি নিশ্চিত করতে হয় এবং কারখানায় প্রবেশ করার জন্য শ্রমিকরা মনিটরের দিকে তাকানোর পর দরজা খুলে যায়। &ldquo;S&rdquo; সাহেব এর কপালে টিউমার অপারেশন করতে গেলে ডা. সাহেব কোনো রক্তপাত ছাড়াই একটি বিশেষ পদ্ধতিতে অত্যন্ত নিম্ন তাপমাত্রায় টিউমার অপারেশন করে দেন।</p>\r\n', '[\"<p>রোবটিক্স কী?&nbsp;</p>\\r\\n\",\"<p>&nbsp;কৃত্রিম বুদ্ধিমত্তা ব্যাখ্যা কর।</p>\\r\\n\",\"<p>&nbsp;উদ্দীপকের আলোকে &ldquo;S&rdquo; সাহেবের টিউমার অপারেশনে কোন প্রযুক্তি ব্যবহার করা হয়েছে? ব্যাখ্যা কর।&nbsp;&nbsp; &nbsp;</p>\\r\\n\",\"<p>উদ্দীপকের &ldquo;S&rdquo; সাহেবের অফিসের উপস্থিতি নিশ্চিত ও কারখানায় প্রবেশের প্রক্রিয়াদ্বয়ের মধ্যে কোনটি বহুলব্যবহৃত? &nbsp;</p>\\r\\n\"]', '<p>Coming Soon</p>\r\n', '5,7,8', '2018', 1),
(54, 2, 3, 24, '<p>গবেষণা প্রতিষ্ঠান আলফা-এর বিজ্ঞানীগণ রোগাক্রান্ত কোষে সরাসরি ঔষধ প্রয়োগ করার জন্য আণবিক মাত্রার একটি যন্ত্র তৈরির চেষ্টা করছেন। ব্রেইনের অভ্যন্তরের গঠন ও কোষ পর্যবেক্ষণের জন্য তাঁরা একটি সিমুলেটেড পরিবেশ তৈরি করেন।</p>\r\n', '[\"<p>টেলিমেডিসিন কী ?&nbsp;</p>\\r\\n\",\"<p>কৃত্রিম বুদ্ধিমত্তা এক ধরনের এক্সপার্ট সিস্টেম - বুঝিয়ে লেখ।</p>\\r\\n\",\"<p>বিজ্ঞানীদের পর্যবেক্ষণে ব্যবহৃত প্রযুক্তিটি ব্যাখ্যা কর। &nbsp;</p>\\r\\n\",\"<p>উদ্দীপকে উল্লিখিত যন্ত্র তৈরির প্রযুক্তিটি খাদ্য শিল্পে কি ধরনের প্রভাব রাখে - বিশ্লেষণ কর</p>\\r\\n\"]', '', '4,6,9', '2018', 2),
(55, 2, 3, 26, '<p>আইসিটি শিক্ষক ফয়জুল ক্লাসে দশমিক সংখ্যা পদ্ধতি পড়াচ্ছিলে। তিনি ক্লাসে শিক্ষার্থীদেরকে (১৭৬১)<sub>১০</sub> সংখ্যাটিকে অক্টাল সংখ্যা পদ্ধতিতে প্রকাশ করতে বললেন।</p>\r\n', '[\"<p>(BCD) কোড কী?</p>\\r\\n\",\"<p>পজিশনাল সংখ্যা পদ্ধতি কয়েকটি বৈশিষ্ট্যের উপর নির্ভর করে-ব্যাখ্যা কর।</p>\\r\\n\",\"<p>উদ্দীপকের আলোকে শিক্ষার্থীদের ক্লাসের কাজটি সম্পন্ন কর।</p>\\r\\n\",\"<p>উদ্দীপকের আলোকে শিক্ষকের উল্লিখিত শেখানো পদ্ধতির (০ - ২০) পর্যন্ত সংখ্যাকে অন্যান্য সংখ্যা পদ্ধতিতে রূপান্তর করে একটি সারণিতে তুলনামূলক আলোচনা কর।</p>\\r\\n\"]', '', '4,8,9', '2016', 2),
(56, 2, 3, 26, '<p>জনাব শামীম একটি কলেজের একাদশ শ্রেণিতে ২ এর পরিপূরক মাধ্যমে&nbsp; -১২৭ মান গঠন শেখালেন। পাঠদান শেষে তিনি উক্ত বিষয়ে কারও কোনো কিছু জানার আছে কি না জানতে চাইলেন। অতঃপর একজন ছাত্র ২ এর পরিপূরক ব্যবহার করে বাইনারি যোগ সম্পর্কে পুনরায় বোঝানোর জন্য শিক্ষককে অনুরোধ করল।</p>\r\n', '[\"<p>অঙ্ক কি?</p>\\r\\n\",\"<p>পজিশনাল সংখ্যা পদ্ধতি বিভিন্ন ধরনের হয়ে থাকে ব্যাখ্যা কর।&nbsp;&nbsp; &nbsp;</p>\\r\\n\",\"<p>উদ্দীপকের আলোকে শিক্ষকের শেখানো কাজটি করে দেখাও।</p>\\r\\n\",\"<p>উদ্দীপকে বর্ণিত পদ্ধতিতে যোগের সমাধান করার জন্য উক্ত পদ্ধতির গঠনের গুরুত্ব তোমার ভাষায় ব্যক্ত কর।</p>\\r\\n\"]', '', '', '', 2),
(57, 2, 3, 26, '<p>নিচের উদ্দীপকটি লক্ষ কর এবং প্রশ্নগুলোর উত্তর দাও।<br />\r\n&nbsp;&nbsp; &nbsp;A = (২৩৭.৭৫)<sub>১০</sub> &nbsp; &nbsp; &nbsp; &nbsp; B = (১০১১১১.০১)<sub>২</sub>&nbsp;</p>\r\n', '[\"<p>কোড বলতে কি বুঝ?</p>\\r\\n\",\"<p>পজিশনাল সংখ্যা পদ্ধতির ক্ষেত্রে স্থানীয় মান গুরুত্বপূর্ণ-ব্যাখ্যা কর।</p>\\r\\n\",\"<p>উদ্দীপকের প্রথম সংখ্যাটিকে হেক্সাডেসিমালে ও দ্বিতীয় সংখ্যাটিকে দশমিকে প্রকাশ কর।</p>\\r\\n\",\"<p>উদ্দীপকের উল্লিখিত A ও B কে যোগ কর এবং যোগফল কীভাবে অকটালে প্রকাশ করবে তোমার ভাষায় ব্যক্ত কর।</p>\\r\\n\"]', '', '8', '2016', 2),
(58, 2, 3, 26, '<p>আবরার (১২৩.৪)<sub>৮</sub> টাকায় (৩২)<sub>১০</sub> টি লিচু ক্রয় করল। তার মধ্যে (১৪)<sub>১০</sub> টি লিচু জেরিন খেয়ে ফেলল।</p>\r\n', '[\"<p>ঋণাত্মক সংখ্যার প্রচলন শুরু হয় হবে?&nbsp;&nbsp; &nbsp;</p>\\r\\n\",\"<p>বিসিডি ও বাইনারি কোড এক নয় -ব্যাখ্যা কর।</p>\\r\\n\",\"<p>উদ্দীপকে লিচুর ক্রয়মূল্যকে দশমিকে প্রকাশ কর।</p>\\r\\n\",\"<p>উদ্দীপকের আলোকে ২-এর পরিপূরক পদ্ধতিতে &nbsp;অবশিষ্ট লিচুর সংখ্যা নির্ণয় কর।&nbsp;</p>\\r\\n\"]', '', '', '', 2),
(59, 2, 3, 26, '<p>সুমন স্যার দুটি সংখ্যা লিখলেন (১১১)<sub>১০</sub> ও (১০১)<sub>১০</sub> সংখ্যা দুটি বিয়োগ করলেন যোগের সাহায্যে। সেক্ষেত্রে সংখ্যাটির বাইনারিকে ০ এর পরিবর্তে ১ এবং ১ এর পরিবর্তে ০ লিখলেন। পরে এই বাইনারি সংখ্যার সাথে ১ যোগ করলেন।</p>\r\n', '[\"<p>Unicode কোড কী?</p>\\r\\n\",\"<p>বিভিন্ন সংখ্যা পদ্ধতির বেস বা ভিত্তি বিভিন্ন-ব্যাখ্যা কর।</p>\\r\\n\",\"<p>উদ্দীপকে উল্লিখিত পদ্ধতির গুরুত্ব বর্ণনা কর।</p>\\r\\n\",\"<p>উদ্দীপকে উল্লিখিত পদ্ধতির সাহায্যে ১ম সংখ্যা থেকে ২য় সংখ্যার বিয়োগফল নির্ণয় কর।</p>\\r\\n\"]', '', '', '', 2),
(60, 2, 3, 26, '<p>নিচের চিত্রটি লক্ষ কর এবং প্রশ্নগুলোর উত্তর দাও।</p>\r\n\r\n<p><span style=\"font-size:11.0pt\"><span style=\"font-family:SutonnyMJ\"><img alt=\"\" src=\"http://my.questionskit.com/uploads/questions/Capture.PNG\" style=\"height:97px; width:285px\" /></span></span></p>\r\n\r\n<p>&nbsp;</p>\r\n', '[\"<p>নিবল বলতে কি বুঝ?</p>\\r\\n\",\"<p>ভুলের সম্ভাবনা কমায় অক্টাল ও হেক্সাডেসিমাল পদ্ধতি-ব্যাখ্যা কর।</p>\\r\\n\",\"<p>ডি-মরগ্যানের জন্ম সালকে বাইনারি এবং মৃত্যু সালকে অক্টাল সংখ্যায় রূপান্তর কর।</p>\\r\\n\",\"<p>উদ্দীপকের আলোকে ২-এর পরিপূরক ব্যবহার করে ডি-মরগ্যান কত বছর জীবিত ছিলেন সে সম্পর্কে তোমার মতামত দাও।</p>\\r\\n\"]', '', '', '', 2),
(61, 2, 3, 26, '<p>নিচের উদ্দীপকটি লক্ষ কর এবং প্রশ্নগুলোর উত্তর দাও।<br />\r\n&nbsp;&nbsp; &nbsp;A = (512.25)<sub>10</sub> , B = &nbsp;(1011.01)<sub>2</sub></p>\r\n', '[\"<p>সংখ্যা পদ্ধতির ভিত্তি কী?&nbsp;</p>\\r\\n\",\"<p>&ldquo;কম্পিউটার পরিচালনায় বাইনারি সংখ্যা পদ্ধতি গুরুত্বপূর্ণ&rdquo; ব্যাখ্যা কর।</p>\\r\\n\",\"<p>উদ্দীপকে উল্লিখিত B কে দশমিকে রূপান্তর কর।&nbsp;&nbsp; &nbsp;</p>\\r\\n\",\"<p>উদ্দীপকের ১ম ও ২য় সংখ্যাটিকে যোগ কর এবং যোগফল কীভাবে হেক্সাডেসিমালে প্রকাশ করবে দেখাও।</p>\\r\\n\"]', '', '5', '2016', 2),
(62, 2, 3, 26, '<p>অ্যানি ও আসিফ সংখ্যা পদ্ধতি নিয়ে আলোচনা কালে বলল কম্পিউটার মূলত বাইনারি সংখ্যা ব্যবহার করে কাজ করতে পারে। অ্যানি ও আসিফকে তাদের বন্ধু রাকিব জিজ্ঞাসা করল তোমাদের রোল কত? উত্তরে তারা বলল <span style=\"font-size:11pt\"><span style=\"font-family:Calibri,&quot;sans-serif&quot;\"><span style=\"font-size:9.0pt\"><span style=\"font-family:&quot;Times New Roman&quot;,&quot;serif&quot;\">(</span></span><span style=\"font-size:9.0pt\"><span style=\"font-family:&quot;Times New Roman&quot;,&quot;serif&quot;\">110111</span></span><span style=\"font-size:9.0pt\"><span style=\"font-family:&quot;Times New Roman&quot;,&quot;serif&quot;\">)<sub>2</sub> </span></span><span style=\"font-family:SutonnyMJ\">I </span><span style=\"font-size:9.0pt\"><span style=\"font-family:&quot;Times New Roman&quot;,&quot;serif&quot;\">(</span></span><span style=\"font-size:9.0pt\"><span style=\"font-family:&quot;Times New Roman&quot;,&quot;serif&quot;\">7D)<sub>16</sub></span></span><span style=\"font-family:SutonnyMJ\">|</span></span></span></p>\r\n', '[\"<p>EBCDIC এর পূর্ণ নাম কি?</p>\\r\\n\",\"<p>পৃথিবীর সকল ভাষাকে এখন কোডভুক্ত করা যায়- ব্যাখ্যা কর।</p>\\r\\n\",\"<p>উদ্দীপকের আলোকে অ্যানি ও আসিফ এর রোল দশমিকে প্রকাশ কর।&nbsp;</p>\\r\\n\",\"<p>উদ্দীপকের আলোকে কম্পিউটারে ব্যবহৃত সংখ্যা পদ্ধতি সম্পর্কে তোমার মতামত দাও।</p>\\r\\n\"]', '', '', '', 2),
(63, 2, 3, 26, '<p>সংখ্যা পদ্ধতিতে দশমিক সংখ্যা (X) বাইনারি, অকটাল ও হেক্সাডেসিমাল পদ্ধতির সাথে পরস্পর রূপান্তর ও ব্যবহারযোগ্য। 5D এরূপ একটি হেক্সাডেসিমাল সংখ্যা, যা X সংখ্যা পদ্ধতির সাথে পরস্পর রূপান্তরযোগ্য।&nbsp;</p>\r\n', '[\"<p>Radix Point কী?</p>\\r\\n\",\"<p>5 + 3 = 10&nbsp;কেন? ব্যাখ্যা কর।</p>\\r\\n\",\"<p>উদ্দীপকের হেক্সাডেসিমাল সংখ্যাটিকে X পদ্ধতিতে রূপান্তর কর।</p>\\r\\n\",\"<p>উদ্দীপকে উল্লিখিত X পদ্ধতির সাথে অকটাল পদ্ধতির পারস্পরিক সম্পর্ক তোমার ভাষায় বিশ্লেষণ কর।</p>\\r\\n\"]', '', '', '', 2),
(64, 2, 3, 26, '<p>নিচের সমীকরণটি পড় এবং প্রশ্নগুলোর উত্তর দাও।</p>\r\n\r\n<p><span style=\"font-size:11pt\"><span style=\"font-family:Calibri,&quot;sans-serif&quot;\"><span style=\"font-size:9.0pt\"><span style=\"font-family:&quot;Times New Roman&quot;,&quot;serif&quot;\">X = (6F.3C)<sub>16</sub>, Y = (203.25)<sub>8</sub></span></span></span></span></p>\r\n\r\n<p>&nbsp;</p>\r\n', '[\"<p>Unicode কী?</p>\\r\\n\",\"<p>হেক্সাডেসিমাল সংখ্যা 3F এর ক্রমিক পূর্ববর্তী দুটি এবং পরবর্তী দুটি সংখ্যা লেখ।</p>\\r\\n\",\"<p>উদ্দীপকের সংখ্যাদ্বয়কে বাইনারীতে রূপান্তর কর।</p>\\r\\n\",\"<p>Z যদি X ও Y এর যোগফল হয়, তাহলে&nbsp;<span class=\\\"math-tex\\\">\\\\((Z)_{16}\\\\)</span>&nbsp;এর মান কীভাবে নির্ণয় করবে- সে সম্পর্কে তোমার মতামত দাও।&nbsp;&nbsp; &nbsp;</p>\\r\\n\"]', '', '', '', 2),
(65, 2, 3, 26, '<p>আইসিটি ক্লাসে শিক্ষক দুই হাজার চারশত ঊনআশি দশমিক পাঁচ লিখতে বলায় রাজু লিখল (2479.50)<sub>10</sub> আর ইমন লিখল (4657.4)<sub>8</sub> অন্যদিকে তুলি লিখল (9AF.8)<sub>16</sub> শিক্ষক মুচকি হেসে বললেন, তোমরা সবাই সঠিক লিখেছ।</p>\r\n', '[\"<p>দশমিক সংখ্যা পদ্ধতি কী?</p>\\r\\n\",\"<p>কম্পিউটারের বোধগম্য ভাষা বাইনারি - ব্যাখ্যা কর।</p>\\r\\n\",\"<p>রাজুর লিখা সংখ্যাটিকে বাইনারিতে প্রকাশ কর।</p>\\r\\n\",\"<p>শিক্ষকের উক্তিটির সত্যতা গাণিতিক বিশ্লেষণের সাহায্যে যাচাই কর।&nbsp;&nbsp; &nbsp;</p>\\r\\n\"]', '', '', '', 2);
INSERT INTO `creative` (`id`, `class_id`, `subject_id`, `chapter_id`, `question_text`, `question_option`, `question_answer`, `filter`, `year`, `fk_author`) VALUES
(66, 2, 3, 26, '<p>উদ্দীপকটি পড় এবং প্রশ্নগুলোর উত্তর দাও।<br />\r\n&nbsp;&nbsp; &nbsp;(195)<sub>10</sub> এর বাইনারি = (11000011)<sub>2</sub> এবং (195)<sub>10</sub> এর বিসিডি কোড = (000110010101)<sub>BCD&nbsp;</sub>।</p>\r\n', '[\"<p>ASCIII কোড সর্বপ্রথম কে এবং কখন আবিষ্কার করেন?</p>\\r\\n\",\"<p>বিয়োগের কাজ যোগের মাধ্যমে সম্ভব- ব্যাখ্যা কর।</p>\\r\\n\",\"<p>উদ্দীপকে উল্লিখিত পদ্ধতিদ্বয়ের মধ্যে পার্থক্য নির্ণয় কর।</p>\\r\\n\",\"<p>উদ্দীপকে উল্লিখিত পদ্ধতিদ্বয়ের মানগুলোর সত্যতা বিশ্লেষণ কর।</p>\\r\\n\"]', '', '', '', 2),
(67, 2, 3, 26, '<p>ক্লাসে আইসিটি শিক্ষক হাসান, প্রিন্স ও মাসুদকে জিজ্ঞেস করলেন তোমরা ১ম সাময়িক পরীক্ষায় কে কত নম্বর পেয়েছ? তারা শিক্ষককে উত্তরে (860)<sub>10</sub>, (1560)<sub>8</sub> ও (35D)<sub>16</sub> বলল।</p>\r\n', '[\"<p>নন-পজিশনাল সংখ্যা পদ্ধতি কী?</p>\\r\\n\",\"<p>অক্টাল ৩ বিটের কোড-ব্যাখ্যা কর।</p>\\r\\n\",\"<p>হাসান, প্রিন্স ও মাসুদের প্রাপ্ত নম্বরকে বাইনারিতে প্রকাশ কর।</p>\\r\\n\",\"<p>হাসান ও প্রিন্সের মধ্যে কে এবং কত বেশি নম্বর পেয়েছে তা নির্ণয় কর।</p>\\r\\n\"]', '', '9', '2016', 2),
(68, 2, 3, 26, '<p>জনাব খাদেমুল ইসলাম একাদশ শ্রেণির ছাত্রছাত্রীদের আইসিটি বিষয়ের সংখ্যা পদ্ধতি বুঝাচ্ছেন। তিনি বললেন কম্পিউটার তার অভ্যন্তরীণ কার্যাবলি 0 ও 1 এর সাহায্যে সম্পাদন করে থাকে। কম্পিউটার দশমিক সংখ্যা চিনে না। তিনি (732.567)<sub>10</sub> সংখ্যাটিকে কম্পিউটারের বোধগম্য ভাষার রূপান্তর করে দেখালেন।</p>\r\n', '[\"<p>২-এর পরিপূরক কী?</p>\\r\\n\",\"<p>10101 কী ধরনের সংখ্যা? বুঝিয়ে দাও।</p>\\r\\n\",\"<p>উদ্দীপকে উল্লিখিত সংখ্যাটিকে কম্পিউটারের বোধগম্য সংখ্যায় রূপান্তর কর এবং 1011101 এর সাথে যোগ কর।&nbsp;&nbsp; &nbsp;</p>\\r\\n\",\"<p>উদ্দীপকে উল্লিখিত রূপান্তরিত সংখ্যাটি কম্পিউটারের জন্য অত্যাবশ্যকীয়- বিশ্লেষণ কর।</p>\\r\\n\"]', '', '', '', 2),
(69, 2, 3, 26, '<p>মোস্তফা খালিদ ১টি হাফ অ্যাডার তৈরির জন্য প্রয়োজনীয় লজিক গেট কিনতে বাজারে গেলেন এবং <span style=\"font-size:9.0pt\"><span style=\"font-family:&quot;Times New Roman&quot;,&quot;serif&quot;\">(6F. 3C)<sub>16&nbsp;</sub></span></span>টাকা খরচ করলেন। কাজ শেষে (203.25)<sub>8</sub> টাকা দিয়ে বাড়ি ফিরলেন।</p>\r\n', '[\"<p>ASCII এর পূর্ণ নাম কি?&nbsp;</p>\\r\\n\",\"<p>ভিত্তির উপর নির্ভর করে সংখ্যা পদ্ধতি কয়েক রকম হয়ে থাকে-ব্যাখ্যা কর।</p>\\r\\n\",\"<p>উদ্দীপকের আলোকে মোস্তফা খালিদ সাহেবের সর্বমোট খরচ কত।</p>\\r\\n\",\"<p>উদ্দীপকের মোস্তফা খালিদ সাহেবের কোন কাজে বেশি খরচ হয়েছিল-সে সম্পর্কে তোমার মতামত দাও।</p>\\r\\n\"]', '', '7', '2016', 2),
(70, 2, 3, 26, '<p>ফারহানা মিস একাদশ শ্রেণির ক্লাসে ছাত্র-ছাত্রীদেরকে বললেন কম্পিউটার তার অভ্যন্তরীণ কার্যাবলি 0 ও 1 এর সাহায্যে করে। কম্পিউটার দশমিক সংখ্যা চিনে না। তিনি 732.67 সংখ্যাটিকে কম্পিউটারের বোধগম্য ভাষায় রূপান্তর করে দেখালেন।</p>\r\n', '[\"<p>ঋণাত্মক সংখ্যার মান জ্ঞাপনের জন্য কী করতে হয়?</p>\\r\\n\",\"<p>10101 কী ধরনের সংখ্যা? বুঝিয়ে দাও ।</p>\\r\\n\",\"<p>উদ্দীপকে উল্লিখিত সংখ্যাটিকে কম্পিউটারের বোধগম্য সংখ্যায় রূপান্তর কর এবং10101 এর সাথে যোগ কর।</p>\\r\\n\",\"<p>উদ্দীপকে উল্লিখিত রূপান্তরিত সংখ্যাটি কম্পিউটারের জন্য অত্যাবশ্যকীয়- বিশ্লেষণ কর।</p>\\r\\n\"]', '', '', '', 2),
(71, 2, 3, 26, '<p>জারীফকে তার বন্ধু ICT তে ১ম বর্ষ সমাপনী পরীক্ষায় ও নির্বাচনি পরীক্ষায় কত নম্বর পেয়েছে জানতে চাইলে সে লিখল যথাক্রমে (1000000)<sub>2</sub> ও (111)<sub>8</sub>। তৎক্ষণাৎ জারীফকে তার বন্ধু বলল, আমিতো (4E)<sub>16</sub> পেয়েছিলাম।</p>\r\n', '[\"<p>সংখ্যা পদ্ধতি কী?</p>\\r\\n\",\"<p>&lsquo;বীট ও বাইট এক নয়&rsquo; - কেন?</p>\\r\\n\",\"<p>জারীফ কোন পরীক্ষায় বেশি নম্বর পেয়েছে তা প্রমাণ কর।</p>\\r\\n\",\"<p>উদ্দীপকের আলোকে ২-এর পরিপূরক ব্যবহার করে জারীফ ও জারীফের বন্ধুর নাম্বারের পার্থক্য যুক্তিসহ নিরূপণ কর।</p>\\r\\n\"]', '', '', '', 2),
(72, 2, 3, 26, '<p>মিলি কম্পিউটার ক্লাসে বিভিন্ন ধরনের সংখ্যা পদ্ধতি সম্পর্কে ধারণা লাভ করেছে। এ ধারণার ভিত্তিতে সে তার বয়স (21)<sub>8</sub> এবং রোল নম্বর (1101)<sub>2</sub> লিখে তার বন্ধু রাজুকে দেখাল।</p>\r\n', '[\"<p>স্থানীয় মান কি?</p>\\r\\n\",\"<p>কম্পিউটার যোগের মাধ্যমে বিভিন্ন গাণিতিক সমস্যার সমাধান করে - বুঝিয়ে লেখ।&nbsp;&nbsp; &nbsp;</p>\\r\\n\",\"<p>মিলির বয়স দশভিত্তিক সংখ্যা ব্যবস্থায় কত বছর? প্রমাণ কর।</p>\\r\\n\",\"<p>উদ্দীপকে ব্যবহৃত সংখ্যা দুটির মধ্যে কোনটি ব্যবহারে মেমোরিতে কম জায়গা ধারণ করবে? বিশ্লেষণসহ যুক্তি দাও।</p>\\r\\n\"]', '', '', '', 2),
(73, 2, 3, 26, '<p>ICT বিষয়ের অধ্যাপক ক্লাশে সংখ্যা পদ্ধতি পড়াচ্ছিলেন। তখন সাওবানকে তার ICT বিষয়ের অর্ধ বার্ষিক ও বার্ষিক পরীক্ষার প্রাপ্ত নম্বর জানতে চাইলে সে বলল, অর্ধ বার্ষিকে (37)<sub>8</sub> এবং বার্ষিক পরীক্ষায় (3F)<sub>16</sub> নম্বর পেয়েছে। অন্যান্য ছাত্ররা এর অর্থ বুঝতে না পেরে স্যারকে জিজ্ঞেস করলে স্যার বিস্তারিত বুঝিয়ে বললেন।&nbsp;</p>\r\n', '[\"<p>প্যারিটি বিট কী?</p>\\r\\n\",\"<p><span class=\\\"math-tex\\\">\\\\((267)_{10}\\\\)</span>&nbsp;সংখ্যাকে কম্পিউটার সরাসরি গ্রহণ করে না- ব্যাখ্যা কর।</p>\\r\\n\",\"<p>উদ্দীপকে বর্ণিত সাওবানের অর্ধ বার্ষিক পরীক্ষায় প্রাপ্ত নম্বরকে হেক্সাডেসিমাল সংখ্যায় রূপান্তর কর।</p>\\r\\n\",\"<p>সাওবানের বার্ষিক পরীক্ষার প্রাপ্ত নম্বর&nbsp;&nbsp;<span class=\\\"math-tex\\\">\\\\((72)_{10}\\\\)</span> হতে কত কম বা বেশি? তোমার উত্তরের সপক্ষে যুক্তি দাও।</p>\\r\\n\"]', '', '6', '2016', 2),
(74, 2, 3, 26, '<p>একাদশ শ্রেণিতে মামুন স্যার ২ এর পরিপূরক বিষয়ে পাঠদান করছিলেন। পাঠদান শেষে তিনি উক্ত বিষয়ে কারও কোন কিছু জানার আছে কিনা জানতে চাইলেন। অতঃপর একজন ছাত্র ২ এর পরিপূরক ব্যবহার করে বাইনারি যোগ সম্পর্কে পুনরায় বুঝানোর জন্য শিক্ষককে অনুরোধ করল।&nbsp;</p>\r\n', '[\"<p>সংখ্যা বলতে কী বুঝ?</p>\\r\\n\",\"<p>(BCD) বিসিডি কোড বাইনারি পদ্ধতি হতে সহজ- ব্যাখ্যা কর।</p>\\r\\n\",\"<p>(- ১২৭) এর উদ্দীপকে বর্ণিত পরিপূরক গঠন কর।</p>\\r\\n\",\"<p>উদ্দীপকে বর্ণিত পদ্ধতিতে যোগের সমাধান করার জন্য ২ এর পরিপূরক গঠনের গুরুত্ব ব্যাখ্যা কর।</p>\\r\\n\"]', '', '', '', 2),
(75, 2, 3, 26, '<p>আইসিটি শিক্ষক একাদশ শ্রেণিতে সংখ্যা পদ্ধতি পড়াচ্ছিলেন। কিন্তু একজন ছাত্রের অমনোযোগিতার কারণে তিনি বিরক্ত হয়ে তার রোল নম্বর জিজ্ঞাসা করলেন। ছাত্র উত্তর দিল (31)<sub>10</sub>। তারপর শিক্ষক ছাত্রের গত শ্রেণির রোল জিজ্ঞাসা করলে উত্তর দিল (15)<sub>10</sub>। &nbsp;তখন শিক্ষক তাকে বললেন, তোমার অমনোযোগিতার কারণে খারাপ ফল হয়েছে।</p>\r\n', '[\"<p>সংখ্যা পদ্ধতির বেস কী?</p>\\r\\n\",\"<p>ইউনিকোডের পূর্বে সবচেয়ে বেশি ব্যবহৃত আলফানিউমেরিক্যাল কোডটি ব্যাখ্যা কর।</p>\\r\\n\",\"<p>উদ্দীপকের ছাত্রের বর্তমান শ্রেণির রোল বাইনারি সংখ্যা পদ্ধতিতে প্রকাশ কর।&nbsp;&nbsp; &nbsp;</p>\\r\\n\",\"<p>উদ্দীপকের ছাত্রের দুই শ্রেণির রোলের পার্থক্য শুধুমাত্র যোগের মাধ্যমে বের করে ফলাফলের পরিবর্তন মূল্যায়ন কর।</p>\\r\\n\"]', '', '4', '2017', 2),
(76, 2, 3, 26, '<p>২০১৬ সালে প্রাকৃতিক দুর্যোগের কারণে সব্জি চাষীদের ব্যাপক ক্ষতি হয়ছে। কৃষক আলীর (42)<sub>10</sub> হেক্টর জমির আলু, জামালের (253.2)<sub>8</sub> হেক্টর জমির সরিষা, হাসিবে (E3.2)<sub>16</sub> হেক্টর জমির টমেটো এবং জলিলের (110)<sub>2</sub> হেক্টর জমির শসা নষ্ট হয়েছে।&nbsp;&nbsp; &nbsp;</p>\r\n', '[\"<p>BCD কোড কী?</p>\\r\\n\",\"<p>5D কোন ধরনের সংখ্যা? ব্যাখ্যা কর।</p>\\r\\n\",\"<p>উদ্দীপকে ব্যবহৃত আলীর জমি থেকে জলিলের জমির ফসল নষ্টের পরিমাণ ২ এর পরিপূরকে বিয়োগ কর।</p>\\r\\n\",\"<p>উদ্দীপকে জামাল ও হাসিবের মধ্যে কার ফসলের বেশী ক্ষতি হয়েছে এবং কত?&nbsp; বিশ্লেষণপূর্বক মতামত দাও।</p>\\r\\n\"]', '', '5', '2017', 2),
(77, 2, 3, 26, '<p>শফিক,শিফা এবং তনয় তিন জনের তথ্য ও যোগাযোগ প্রযুক্তিতে প্রাপ্ত নম্বর যথাক্রমে (1001000)<sub>2 </sub>, (531)<sub>8</sub> এবং (4A)<sub>16</sub></p>\r\n', '[\"<p>সংখ্যা পদ্ধতি বলতে কী বুঝায়?</p>\\r\\n\",\"<p><span class=\\\"math-tex\\\">\\\\((11)_{10}\\\\)</span> সংখ্যাটিকে পজিশনাল সংখ্যা বলা হয় কেন?</p>\\r\\n\",\"<p>উদ্দীপকে তনয় এর প্রাপ্ত নম্বর দশমিক পদ্ধতিতে রূপান্তর কর।</p>\\r\\n\",\"<p>উদ্দীপকে শিফার প্রাপ্ত নম্বর হতে <span class=\\\"math-tex\\\">\\\\((1100011)_{2}\\\\)</span> সংখ্যাটি কত বেশি বা কম তা নির্ণয় কর।</p>\\r\\n\"]', '', '6', '2017', 2),
(78, 2, 3, 26, '<p>&nbsp;স্নেহা ও মিতা টেস্টের ফলাফল নিয়ে আলোচনা করছিল। &nbsp;স্নেহা বলল, আমি পরীক্ষায় ICT তে (4C)<sub>16</sub> পেয়েছি। মিতা বলল আমি ICT-তে (103)<sub>8</sub> নম্বর পেয়েছি। ৫ম শ্রেণিতে পড়ুয়া তাদের ভাই বুঝলো না কে বেশি নম্বর পেয়েছে।</p>\r\n', '[\"<p>সংখ্যা পদ্ধতির বেজ কি?</p>\\r\\n\",\"<p>3 + 5 = 10 কেন? ব্যাখ্যা কর।</p>\\r\\n\",\"<p>উদ্দীপকের স্নেহা ও মিতা দশভিত্তিকে কত নম্বর পেয়েছে- বিশ্লেষণ কর।</p>\\r\\n\",\"<p>৮ বিট রেজিস্টার ব্যবহার করে ২-এর পরিপূরক পদ্ধতিতে উদ্দীপকের স্নেহা ও মিতার প্রাপ্ত নম্বরের পার্থক্য নির্ণয় কর।</p>\\r\\n\"]', '', '7', '2017', 2),
(79, 2, 3, 26, '<p>রোহানদের কলেজে বিজয় দিবস উপলক্ষে একাদশ আর দ্বাদশ শ্রেণির ছাত্রদের মধ্যে অনুষ্ঠিত ফ্রেন্ডলি ক্রিকেট ম্যাচে রোহানদের দল দ্বাদশ শ্রেণীর দলকে (100)<sub>2</sub> উইকেটে হারিয়ে দিল। অবশ্য এই ম্যাচ জেতার জন্য রোহানের কৃতিত্ব সবচেয়ে বেশি কেননা সে (202)<sub>8</sub> রানে অপরাজিত ছিল। তবে তার বন্ধু বাবুও (50)<sub>16</sub> রানের একটি অনবদ্য ইনিংস খেলেছিল।&nbsp;</p>\r\n', '[\"<p>প্যারিটি বিট কী?</p>\\r\\n\",\"<p>&lsquo;সংখ্যা ও সংখ্যা প্রতীক এক নয়&rsquo;- ব্যাখ্যা কর।</p>\\r\\n\",\"<p>উদ্দীপকে থেকে ২ এর পরিপূরক পদ্ধতি ব্যবহার করে &nbsp; &nbsp;রোহান তার বন্ধু বাবুর চেয়ে কত রান বেশি করেছে তা নির্ণয় কর।&nbsp;&nbsp; &nbsp;</p>\\r\\n\",\"<p>উদ্দীপকে উল্লিখিত প্রীতি ম্যাচের ফলাফল এবং খোলায়রদের মধ্যে ম্যান অফ দ্যা ম্যাচ হবার যোগ্য কে হতে পারে তা ডেসিমাল সংখ্যা পদ্ধতির অলোকে বিশ্লেষণ কর।&nbsp;&nbsp; &nbsp;</p>\\r\\n\"]', '', '', '', 2),
(80, 2, 3, 26, '<p>সভ্যতার বিকাশে সংখ্যা পদ্ধতির অবদান অপরিসীম। গণনার কাজে ডেসিমেল পদ্ধতি ব্যবহার করা হয়। কম্পিউটার বিজ্ঞানে অন্যান্য পদ্ধতি ব্যবহারের মাধ্যমে মানুষের ভাষা কম্পিউটারের বোধগম্য করা সম্ভব হয়েছে। (736)<sub>8</sub> ও (AC)<sub>16</sub> এমনই দুটি সংখ্যা।</p>\r\n', '[\"<p>সংখ্যা পদ্ধতি বলতে কি বুঝ?</p>\\r\\n\",\"<p>কম্পিউটারে ব্যবহৃত কোডের মধ্যে ইউনিকোডে সব থেকে বেশি বিটের ব্যবহার হয়-ব্যাখ্যা কর।</p>\\r\\n\",\"<p>উদ্দীপকের সংখ্যা দুটিকে বাইনারিতে রূপান্তর কর।&nbsp;&nbsp; &nbsp;</p>\\r\\n\",\"<p>দুই এর পরিপূরক পদ্ধতিতে সংখ্যা দুটির বিয়োগ করা সম্ভব কিনা যাচাই কর- তোমার যথার্থতা প্রকাশ কর।</p>\\r\\n\"]', '', '', '', 2),
(81, 2, 3, 26, '<p>আইসিটি বিভাগের শিক্ষক আসিফ সাহেব একাদশ শ্রেণির ক্লাসে সংখ্যা পদ্ধতি পড়াচ্ছিলেন। সে সময় ক্লাসে অধিক কথা বলছিল এমন দুজন ছাত্রের একজনকে একটি দশমিক সংখ্যা বলতে বলায় সে বললো (128.375)<sub>10</sub>। অন্যজনকে একটি হেক্সাডেসিমেল সংখ্যা বলতে বলায় সে বললো (ABCD.EF)<sub>16</sub>।</p>\r\n', '[\"<p>বিট কী?</p>\\r\\n\",\"<p>চিহ্ন যুক্ত সংখ্যা বলতে কী বুঝ- ব্যাখ্যা কর।&nbsp;</p>\\r\\n\",\"<p>উদ্দীপকে উল্লিখিত হেক্সাডেসিমেল সংখ্যাটিকে দশমিকে প্রকাশ কর।</p>\\r\\n\",\"<p>উদ্দীপকে উল্লিখিত দশমিক সংখ্যাটিকে বাইনারি ও অক্টাল সংখ্যায় রূপান্তর কর।</p>\\r\\n\"]', '', '', '', 2),
(82, 2, 3, 26, '<p>আসিফের বাবা ICT বিষয়ের শিক্ষক। তিনি আসিফের কাছে ICT বিষয়ের প্রাপ্ত ফলাফল জানতে চাইলে সে বলল অর্ধ-বার্ষিক পরীক্ষায় (112)<sub>8</sub> এবং বার্ষিক পরীক্ষায় (7F)<sub>16</sub> নম্বর পেয়েছে।</p>\r\n', '[\"<p>রেজিস্টার কী?</p>\\r\\n\",\"<p><span class=\\\"math-tex\\\">\\\\((14)_{10}\\\\)</span> এর সমকক্ষ ইঈউ কোড এবং বাইনারী সংখ্যার মধ্যে কোনটিতে বেশি বিট প্রয়োজন? বুঝিয়ে বল।</p>\\r\\n\",\"<p>আসিফের অর্ধ-বার্ষিক পরীক্ষার প্রাপ্ত নম্বরকে হেক্সাডেসিমেল সংখ্যায় রূপান্তর কর।</p>\\r\\n\",\"<p>উদ্দীপকে বর্ণিত আসিফের বার্ষিক পরীক্ষায় প্রাপ্ত নম্বর <span class=\\\"math-tex\\\">\\\\((80)_{10}\\\\)</span> থেকে কত কম বা &nbsp;বেশি? উত্তরের সপক্ষে যুক্তি দাও।</p>\\r\\n\"]', '', '', '', 2),
(83, 2, 3, 26, '<p>একটি রাউটার ও হাবের মূল্য যথাক্রমে (1800)<sub>10</sub> এবং (1356)<sub>8</sub></p>\r\n', '[\"<p>মৌলিক গেইট কী?&nbsp;&nbsp; &nbsp;</p>\\r\\n\",\"<p>NOR গেইট একটি সার্বজনীন গেইট- ব্যাখ্যা কর।</p>\\r\\n\",\"<p>হাবের মূল্য দশমিকে কত?&nbsp;&nbsp; &nbsp;</p>\\r\\n\",\"<p>রাউটার ও হাবের মূল্যের পার্থক্য হেক্সাডেসিমেলে প্রকাশ কর।</p>\\r\\n\"]', '', '', '', 2),
(84, 2, 3, 24, '<p>আমার বন্ধু ডা: এনাম ট্রেনিং-এ ফ্রান্সে গেছে। ভাইবারে সে বলল, ফ্রান্সের সব কাজে ডিজিটাল সিস্টেম ব্যবহৃত হয়। সেখানে ট্রেনিং সেন্টারে প্রবেশ করতে লাগে সুপারভাইজারের আঙ্গুলের ছাপ এবং অপারেশন থিয়েটারে প্রবেশ করতে লাগে চোখ। আমি বললাম &ldquo;বেশ মজাই তো&rdquo; সে আরও বলল &ldquo;গতকাল স্থানীয় বিনোদন পার্কে গিয়ে মাথার হেলমেট ও চোখে বিশেষ চশমা দিয়ে চাঁদে ভ্রমণের অনুভূতি অনুভব করেছি&rdquo;।&nbsp;&nbsp;</p>\r\n\r\n<p>&nbsp;</p>\r\n\r\n<p>&nbsp;</p>\r\n', '[\"<p>ক্রায়োসার্জারি কী?</p>\\r\\n\\r\\n<p>&nbsp;</p>\\r\\n\\r\\n<p>&nbsp;</p>\\r\\n\",\"<p>&ldquo;স্বল্প দূরত্বের ডেটা আদান-প্রদান মাধ্যম&rdquo; ব্যাখ্যা কর।</p>\\r\\n\\r\\n<p>&nbsp;</p>\\r\\n\\r\\n<p>&nbsp;</p>\\r\\n\",\"<p>উদ্দীপকের আলোকে চাঁদে ভ্রমণের প্রযুক্তিটি বর্ণনা কর।</p>\\r\\n\\r\\n<p>&nbsp;</p>\\r\\n\\r\\n<p>&nbsp;</p>\\r\\n\",\"<p>উদ্দীপকে ট্রেনিং সেন্টার ও অপারেশন থিয়েটারে ব্যবহৃত প্রযুক্তিদ্বয়ের মধ্যে কোনটি আমাদের দেশে বহুলব্যবহৃত বিশ্লেষণপূর্বক মতামত দাও।&nbsp;&nbsp; &nbsp;</p>\\r\\n\\r\\n<p>&nbsp;</p>\\r\\n\\r\\n<p>&nbsp;</p>\\r\\n\"]', '<p>উদ্দীপকে ট্রেনিং সেন্টার ও অপারেশন থিয়েটারে ব্যবহৃত প্রযুক্তিদ্বয়ের মধ্যে কোনটি আমাদের দেশে বহুলব্যবহৃত বিশ্লেষণপূর্বক মতামত দাও।&nbsp;&nbsp; &nbsp;</p>\r\n\r\n<p>&nbsp;</p>\r\n\r\n<p>&nbsp;</p>\r\n', '', '2017', 2),
(85, 2, 3, 25, '<p>নিচের চিত্রকল্পটি লক্ষ কর এবং প্রশ্নগুলোর উত্তর দাও।</p>\r\n\r\n<p>&nbsp;</p>\r\n\r\n<p><img alt=\"\" src=\"http://my.questionskit.com/uploads/questions/2-1e.PNG\" style=\"height:195px; width:350px\" /></p>\r\n', '[\"<p>রাউটার কী?</p>\\r\\n\",\"<p>&ldquo;মোবাইল ফোনে একই সাথে কথা বলা ও শোনা যায়&rdquo; ব্যাখ্যা কর।</p>\\r\\n\",\"<p>উদ্দীপকে ২নং চিত্রে নেটওয়ার্কের কোন টপোলজি অনুসরণ করা হয়েছে? ব্যাখ্যা কর।</p>\\r\\n\",\"<p>উদ্দীপকের ১নং ও ৩নং চিত্রের টপোলজির মধ্যে কোনটি অধিক সুবিধাজনক? বিশ্লেষণ কর।</p>\\r\\n\"]', '<p>উদ্দীপকের ১নং ও ৩নং চিত্রের টপোলজির মধ্যে কোনটি অধিক সুবিধাজনক? বিশ্লেষণ কর।</p>\r\n', '4', '2016', 2),
(86, 2, 3, 24, '<p>সেনাপ্রধান সিদ্ধান্ত নিলেন যে, সৈনিকদের প্রযুক্তিনির্ভর পরিবেশে যুদ্ধের প্রশিক্ষণ দেয়া হবে, যাতে সৈনিকগণ প্রকৃত যুদ্ধের অভিজ্ঞতা লাভ করে। তিনি খাদ্য সরবরাহ ইউনিটকে যুদ্ধের ময়দানে দীর্ঘদিন সতেজ ও মচমচে থাকে এমন পদ্ধতিতে শুকনো খাবার সরবরাহ করার নির্দেশ দিলেন।</p>\r\n', '[\"<p>হ্যান্ড জিওমিট্রি কী?&nbsp;&nbsp; &nbsp;</p>\\r\\n\",\"<p>প্রযুক্তির উন্নয়ন ঘটলেও অপরাধ প্রবণতা রোধ করা সম্ভব হয়নি&Ntilde;ব্যাখ্যা কর।</p>\\r\\n\",\"<p>উদ্দীপকে যুদ্ধের ময়দানে খাবার সরবরাহের প্রযুক্তি ব্যাখ্যা কর। &nbsp;</p>\\r\\n\",\"<p>সৈনিকদের প্রশিক্ষণের প্রযুক্তিটি কার্যকর ও যুক্তিযুদ্ধ কেন? মতামত দাও।&nbsp;&nbsp; &nbsp;</p>\\r\\n\"]', '', '', '', 2),
(87, 2, 3, 24, '<p>চিপস্ সবার খুবই প্রিয়। চিপস্ প্যাকেটজাতকরণের সময় একটি বিশেষ প্রযুক্তি ব্যবহার করা হয়ে থাকে। চিপস্ কারখানার নিরাপত্তা নিশ্চিতকরণের জন্য প্রবেশের পথে আঙ্গুলের ছাপ দেয়ার জন্য একটি ডিভাইস স্থাপন করা হয়েছে।</p>\r\n', '[\"<p>রোবোটিক্স কী?&nbsp;&nbsp; &nbsp;</p>\\r\\n\",\"<p>প্রযুক্তি ব্যবহার করে করে মটর ড্রাইভিং শিখা সম্ভব কথাটি ব্যাখ্যা কর।</p>\\r\\n\",\"<p>উদ্দীপকে কারখানায় ব্যবহৃত ডিভাইসটির প্রযুক্তিটির ব্যাখ্যা কর। &nbsp;&nbsp; &nbsp;</p>\\r\\n\",\"<p>চিপস্রে ক্ষেত্রে ব্যবহৃত প্রযুক্তির সুবিধা ও অসুবিধা উল্লেখসহ তোমার মতামত বিশ্লেষণ কর।</p>\\r\\n\"]', '', '5', '2019', 2),
(88, 2, 3, 24, '<p>সূর্য্য পড়াশুনা শেষ করার পর চাকরি না পেয়ে ইন্টারনেটের মাধ্যমে ঘরে বসে কাজ করে অর্থ উপার্জনের পথ বেছে নেয়। কয়েক বছরের মধ্যে সে অর্থনৈতিকভাবে স্বাবলম্বী হয় এবং প্রচুর বৈদেশিক মুদ্রা অর্জন করে। পরবর্তীতে তার এলাকার অনেকেই এই পথ অনুসরণ করে স্বাবলম্বী হয়। তার ভাই প্রতাপ বাড়িতে থেকে আমেরিকার একটি বিশ্ববিদ্যালয় পড়াশুনা করে উচ্চতর ডিগ্রি অর্জন করে।</p>\r\n', '[\"<p>প্লেজিয়ারিজম কী?&nbsp;</p>\\r\\n\",\"<p>বায়োইনফরম্যটিক্স- এ ব্যবহৃত ডেটা কী? ব্যাখ্যা কর।</p>\\r\\n\",\"<p>উদ্দীপকে প্রতাপের উচ্চতর ডিগ্রি অর্জনের প্রক্রিয়া কী? ব্যাখ্যা কর।</p>\\r\\n\",\"<p>বাংলাদেশের বাস্তবতার সূর্য্যরে কার্যক্রমের যৌক্তিকতা বিশ্লেষণ কর।</p>\\r\\n\"]', '', '6', '2019', 2),
(89, 2, 3, 24, '<p>শফিক সাহেব তার গবেষণাগারে দিনাজপুরের ঐতিহ্য ধারণের লক্ষ্যে লিচু নিয়ে গবেষণা করে তার ফলাফল সংরক্ষণ করেন। তিনি গবেষণাগারের প্রবেশমুখে এমন একটি যন্ত্র বসিয়েছেন যেটির দিকে নির্দিষ্ট সময় তাকালে অনুমোদিত ব্যক্তিবর্গ ভেতরে প্রবেশ করতে পারেন।</p>\r\n', '[\"<p>স্মার্ট হোম কী? &nbsp;&nbsp; &nbsp;</p>\\r\\n\",\"<p>&ldquo;ন্যূনতম ধকল সহিষ্ণু শল্যচিকিৎসা পদ্ধতিটি&rdquo; ব্যাখ্যা কর।</p>\\r\\n\",\"<p>গবেষণাগারের প্রবেশমুখে ব্যবহৃত প্রযুক্তিটি ব্যাখ্যা কর।&nbsp;&nbsp; &nbsp;</p>\\r\\n\",\"<p>উদ্দীপকের গবেষণা কার্যক্রমে তথ্য ও যোগাযোগ প্রযুক্তির যে দিকটি প্রতিফলিত হয়েছে, বিশ্লেষণপূর্বক সেটির প্রয়োগক্ষেত্র আলোচনা করা।</p>\\r\\n\"]', '', '7', '2019', 2),
(90, 2, 3, 24, '<p>ডাঃ নিলয় ব্রেইন ক্যান্সার নিরাময়ে শীতল আর্গদ গ্যাস ব্যবহারের চিকিৎসা পদ্ধতি প্রয়োগের জন্য অভিজ্ঞতা লাভের উদ্দেশ্যে একটি সিমুলেটেড অপারেশন সম্পন্ন করেন।</p>\r\n', '[\"<p>কৃত্রিম বুদ্ধিমত্তা কী?&nbsp;</p>\\r\\n\",\"<p>আচরণের মাধ্যমে ব্যক্তি শনাক্তকরণের পদ্ধতি বুঝিয়ে লেখ।</p>\\r\\n\",\"<p>ডাঃ নিলয়ের চিকিৎসা পদ্ধতিটি ব্যাখ্যা কর।</p>\\r\\n\",\"<p>শান্তার মোবাইলের প্রজন্মের সাথে প্রথম প্রজন্মের মোবাইল ফোনের বৈশিষ্ট্যের তুলনা কর।&nbsp;&nbsp; &nbsp;</p>\\r\\n\"]', '', '', '2019', 2),
(91, 2, 3, 24, '<p>মিসেস পাপিয়ার কপালে একটি টিউমার দেখা যায় দেয়ায় একটি বিশেষায়িত হাসপাতালে সার্জারির জন্য &nbsp;ভর্তি হলেন। উক্ত হাসপাতালের ডাক্তারগণ অঙ্গুলের ছাপ ব্যবহার করে হাসপাতালে প্রবেশ করেন। সার্জারি বিভাগের ডাক্তার তাকে অপারেশন পূর্ববর্তী বিভিন্ন টেস্ট দিলেন। টেস্টে পাপিয়ার অতিরিক্ত ব&oslash;াড সুগার থাকায় ডাক্তার তাকে ইনসুলিন প্রয়োগে ডায়াবেটিস নিয়ন্ত্রণ করার ব্যবস্থা গ্রহণ করলেন।</p>\r\n', '[\"<p>ই-কমার্স কী?&nbsp;</p>\\r\\n\",\"<p>তথ্য ও যোগাযোগ প্রযুক্তি বিশ্বকে হাতের মুঠোয় নিয়ে এসেছে- ব্যাখ্যা কর।&nbsp;&nbsp; &nbsp;</p>\\r\\n\",\"<p>ডাক্তারদের হাপসাপাতালে প্রবেশের প্রযুক্তি চিহ্নিত করে ব্যাখ্যা কর।</p>\\r\\n\",\"<p>মিসেস পাপিয়ার চিকিৎসায় ব্যবহৃত ঔষধ তৈরির প্রযুক্তি কৃষি গবেষণায় সফলতা ও অবদান রাখে- মতামত দাও।</p>\\r\\n\"]', '', '9', '2019', 2),
(92, 2, 3, 25, '<p>একটি কলেজের সুযোগ্য অধ্যক্ষ মহোদয় ২৫ টি নতুন কম্পিউটার দিয়ে ওঈঞ ল্যাব স্থাপনের ব্যবস্থা করলেন। ল্যাবটির নেটওয়ার্ক স্থাপনের জন্য নিচের দুইিটি চিত্র লক্ষ্য কর&rdquo;</p>\r\n\r\n<p><img alt=\"\" src=\"http://my.questionskit.com/uploads/questions/২-২.PNG\" style=\"height:154px; width:354px\" /></p>\r\n', '[\"<p>সুইচ কী?</p>\\r\\n\",\"<p>আলোর গতির ন্যায় ডেটা &nbsp;প্রেরণের জন্য ব্যবহৃত ক্যাবলটি ব্যাখ্যা কর।</p>\\r\\n\",\"<p>চিত্র-১ কোন নেটওয়ার্ক টপোলজি ব্যাখ্যা কর।</p>\\r\\n\",\"<p>কম খরচে ল্যাবের জন্য তৈরি উদ্দীপকের কোন টপোলজি সুবিধাজনক তুলনামূলক আলোচনা করে মতামত দাও।&nbsp;&nbsp; &nbsp;</p>\\r\\n\"]', '', '5', '2016', 2),
(93, 2, 3, 25, '<p>বিদ্যা নিকেতন কলেজে সাভারের সাথে একটিমাত্র হাব ব্যবহার করে অপটিক্যাল ফাইবারের মাধ্যমে কয়েকটি কম্পিউটারের সংযোগ স্থাপন করা হয়। পরবর্তীতে প্রতিষ্ঠানে কম্পিউটারের সংখ্যা বৃদ্ধি পাওয়া এই ব্যবস্থা সম্প্রসারণের উদ্যোগ গ্রহণ করা হয়। এছাড়া দুইটিমাত্র প্রিন্টার এবং একটি স্ক্যানার ব্যবহার করেই প্রতিষ্ঠানটি প্রত্যেকটি কম্পিউটার থেকে সেগুলো ব্যবহার করতে পারছে। এর ফলে হার্ডওয়ারগত খরচ অনেক কমে আসে।</p>\r\n', '[\"<p>ডেটা কমিউনিকেশন মোড কাকে বলে?</p>\\r\\n\",\"<p>ডেটা পরিবহন ফাইবার অপটিক ক্যাবল নিরাপদ কেন?</p>\\r\\n\",\"<p>উদ্দীপকে কোন নেটওয়ার্ক টপোলজির উল্লেখ করা হয়েছে? ব্যাখ্যা কর।</p>\\r\\n\",\"<p>&ldquo;উদ্দীপকে নেটওয়ার্ক স্থাপনের উদ্দেশ্য যথাযথ বাস্তবায়ন হয়েছে&rdquo;উক্তিটি মূল্যায়ন কর।</p>\\r\\n\"]', '', '', '2016', 2),
(94, 2, 3, 25, '<p>একদিন রফিক সাহেবের অফিসে ব্যবহৃত নেটওয়ার্কের কোনো কম্পিউটারই কাজ করছিল না। অনুসন্ধানে জানা যায় যে মাত্র একটি কম্পিউটার নষ্ট হওয়ার কারণে এমনটি ঘটে। অপরদিকে মিজান সাহেবের অফিসে ব্যবহৃত নেটওয়ার্কের দুটি কম্পিউটার নষ্ট হলেও অন্যান্য কম্পিউটারগুলো সচল ছিল। এক্ষেত্রে কম্পিউটারগুলো একটি কেন্দ্রীয় ডিভাইসের সাথে যুক্ত ছিল।</p>\r\n', '[\"<p>ব্যান্ডউইথ কী?</p>\\r\\n\",\"<p>আলোর গতিতে ডেটা স্থানান্তর- ব্যাখ্যা কর।</p>\\r\\n\",\"<p>রফিক সাহেরব অফিসে ব্যবহৃত নেটওয়ার্কে সাধারণত যে ধরনের ক্যাবল ব্যবহৃত হয় তা বর্ণনা কর।</p>\\r\\n\",\"<p>উদ্দীপকে উল্লিখিত টপোলজিদ্বয়ের মধ্যে কোনটি বেশি নির্ভরযোগ্য - বিশ্লেষণপূর্বক মতামত দাও।</p>\\r\\n\"]', '', '8', '2016', 2),
(95, 2, 3, 25, '<p>মি: &lsquo;X&rsquo; ব্যবসার জন্য একটি বহুতল ভবনে স্থাপিত অফিসের কম্পিউটারসমুহ ক্যাবল মাধ্যমে সংযুক্ত করেন যার গতি ৮০০ bps। এতে তার কার্যক্রম পরিচালনা করা কষ্টকর। তাই সমস্যা সমাধানের জন্য কম্পিউটার ইঞ্জিনিয়ার বন্ধুর পরামর্শে অধিক গতিসম্পন্ন ক্যাবল নেটওয়ার্ক স্থাপন করলেন।&nbsp;</p>\r\n', '[\"<p>ক্লাউড কম্পিউটিং কী?</p>\\r\\n\",\"<p>কোন ট্রান্সমিশনে একই সঙ্গে উভয়দিকে ডাটা আদান-প্রদান করা যায়? ব্যাখ্যা কর।</p>\\r\\n\",\"<p>উদ্দীপকে মি: &lsquo;X&rsquo; &nbsp;কোন ধরনের ব্যান্ডউইথ ব্যবহার করছেন? ব্যাখ্যা &nbsp;কর।</p>\\r\\n\",\"<p>উদ্দীপকের আলোকে ডেটা চলাচলের গতিবৃদ্ধির সপক্ষে যুক্তি দাও।&nbsp;&nbsp; &nbsp;</p>\\r\\n\"]', '', '6', '2016', 2),
(96, 2, 3, 25, '<p>কলেজ ছাত্রী সুমাইয়া গ্রামের বাসিন্দা হয়ে কলেজ প্রাঙ্গণে ভিডিও ফোনে কথা বলাসহ ইন্টারনেটের সুবিধাগুলো ভোগ করতে পারছে। কিন্তু দিনের বিশেষ বিশেষ সময় সে চাহিদামত সুবিধা পায়না। বন্ধুদের কাছেও একই সমস্যার কথা জানতে পেরে কলেজ কর্তৃপক্ষের দৃষ্টি আকর্ষণ করলে অধ্যক্ষ মহোদয় ওঈঞ শিক্ষককে দ্র&aelig;ত বিকল্প উপায়ে সমস্যাটি সমাধানের নির্দেশ দেন।&nbsp;</p>\r\n', '[\"<p>LAN কী?</p>\\r\\n\",\"<p>&ldquo;ডেটা ট্রান্সমিশনে আলোক রশ্মি পরিবাহী তার উত্তম।&rdquo; ব্যাখ্যা কর।</p>\\r\\n\",\"<p>সুমাইয়া কোন প্রজন্মের ডিভাইস ব্যবহার করছে? ব্যাখ্যা কর।</p>\\r\\n\",\"<p>উদ্দীপকের সমস্যাটি সমাধানে ICT শিক্ষক কি ধরনের পদক্ষেপ গ্রহণ করতে পারেন? যুক্তিসহ বিশ্লেষণ কর।</p>\\r\\n\"]', '', '7', '2016', 2),
(97, 2, 3, 25, '<p>সালাম ও কালাম দুই বন্ধু রাস্তা দিয়ে হেঁটে যাচ্ছে। তাদের পাশ দিয়ে একজন পুলিশ একটি ডিভাইসের মাধ্যমে কথা বলছে এবং কথা বলা শেষ হলে অপর পক্ষকে কথা বলার সিগন্যাল দিচ্ছে। সালাম সাথে থাকা একটি ডিভাইস দিয়ে তার মার সাথে একই সময়ে কথা বলছে ও শুনছে। কালাম বলল&rdquo; দোস্ত তাড়াতাড়ি বাসায় ফিরতে হবে। আমার রেডিওতে সকালে শুনেছি আজ বৃষ্টি হতে পারে।&rdquo;</p>\r\n', '[\"<p>লজিক গেইট কী?</p>\\r\\n\",\"<p>&ldquo;যে ক্যাবলকে নেটওয়ার্কের ব্যাকবন বলা হয়&rdquo; ব্যাখ্যা কর।</p>\\r\\n\",\"<p>পুলিশের ব্যবহৃত ডিভাইসের ডেটা ট্রান্সমিশন মোড বর্ণনা কর।</p>\\r\\n\",\"<p>সালাম ও কালামের ব্যবহৃত ডিভাইসের মধ্যে কোনটির ডেটা ট্রান্সমিশন মোড বেশি সুবিধাজনক বিশ্লেষণপূর্বক মতামত দাও।</p>\\r\\n\"]', '', '', '2016', 2),
(98, 2, 3, 25, '<p>নিম্নের চিত্রগুলো লক্ষ কর এবং প্রশ্নগুলোর উত্তর দাও:</p>\r\n\r\n<p>&nbsp;</p>\r\n\r\n<p><img alt=\"\" src=\"http://my.questionskit.com/uploads/questions/2-8.PNG\" style=\"height:117px; width:382px\" /></p>\r\n', '[\"<p>হটস্পট কী?</p>\\r\\n\",\"<p>অপটিক্যাল ফাইবার দ্রুত গতিতে ডেটা আদান-প্রদান করে- বুঝিয়ে বল।</p>\\r\\n\",\"<p>B চিত্রে P চিহ্নিত ডিভাইসটির বর্ণনা দাও।</p>\\r\\n\",\"<p>A, B, C কে ব্যবহার করে নতুন টপোলজি তৈরি সম্ভব কি? তোমার উত্তরের সপক্ষে যুক্তি দাও।&nbsp;</p>\\r\\n\"]', '<p>A, B, C কে ব্যবহার করে নতুন টপোলজি তৈরি সম্ভব কি? তোমার উত্তরের সপক্ষে যুক্তি দাও।&nbsp;</p>\r\n', '9', '2016', 2),
(99, 2, 3, 25, '<p>তোমার মাদরাসা একাডেমিক ভবনের বিভিন্ন তলার ১২টি কম্পিউটার একটি নেটওয়ার্কের আওতায় আনা হলো। কিছুদিন কাজ করার পর বিশষ ১টি কম্পিউটার নষ্ট হওয়ায় বাকি কম্পিউটারগুলো থেকে পরস্পর তথ্য আদান-প্রদান জটিলতা দেখা দিল।&nbsp;&nbsp; &nbsp;</p>\r\n', '[\"<p>ব্রিজ কি?&nbsp;&nbsp; &nbsp;</p>\\r\\n\",\"<p>ওয়্যারলেস কমিউনিকেশন ব্যাখ্যা কর।</p>\\r\\n\",\"<p>উদ্দীপকে উল্লিখিত নেটওয়ার্কে কোন টপোলজি ব্যবহার করা হয়েছে? ব্যাখ্যা কর।</p>\\r\\n\",\"<p>জটিলতা এড়াতে মাদরাসাটির কোন টপোলজি ব্যবহার করা উচিৎ ছিল? উত্তরের সপক্ষে যুক্তি দাও।</p>\\r\\n\"]', '', '', '2016', 2),
(100, 2, 3, 25, '<p>মারুফ সাহেবের অফিসের কম্পিউটারগুলো পরস্পরের সাথে সংযোগের জন্য যে ক্যাবল ব্যবহার করা হয়েছে তা অর্থ সাশ্রয়ী এবং সহজে স্থাপনযোগ্য। ফরহাদের অফিসের একটি কম্পিউটারের সংযোগ ক্যাবল নষ্ট হওয়ায় অন্যান্য কম্পিউটার কাজ করছে না। ফরহাদের বন্ধু হাসানের অফিসের সকল কম্পিউটারগুলো একটি কেন্দ্রীয় ডিভাইসের সাথে সংযুক্ত।</p>\r\n', '[\"<p>মাইক্রোওয়েভ কী?</p>\\r\\n\",\"<p>&ldquo;ব্রাউজারে একই সাথে উভয়দিক থেকে তথ্য আদানপ্রদান করা যায় না&rdquo; - ব্যাখ্যা কর।&nbsp;&nbsp; &nbsp;</p>\\r\\n\",\"<p>মারুফ সাহেবের অফিসে ব্যবহৃত ক্যাবলটির ধরন ব্যাখ্যা কর।</p>\\r\\n\",\"<p>ফরহাদ ও হাসানের অফিসের কম্পিউটারের সংযোগটির স্বপক্ষে বিশ্লেষণপূর্বক মতামত দাও।</p>\\r\\n\"]', '', '', '', 2),
(101, 2, 3, 25, '<p>হাসান আলোর গতিতে একটি বায়োডাটা কানাডায় পাঠায়। হাসানের বন্ধু ইদ্রিস বলল, &ldquo;আমার বাড়িতে ব্যবহৃত প্রযুক্তি দ্বারা পাশাপাশি অবস্থিত এক ল্যাপটপ থেকে অন্য ল্যাপটপে ছবি প্রেরণ করা যায়&rdquo;। ইদ্রিসের মামাতো ভাই সুমন বলল, &ldquo;আমার গ্রামের বাড়ি থেকে ল্যাপটপের সাহায্যে ডেটা বিশ্বের যেকোন স্থানে পাঠানো যায়। কিন্তু বাড়ির বাইরে গেলে নেটওয়ার্ক পাওয়া যায় না। এটি বাড়ির সবাই ব্যবহার করতে পারে।&rdquo;</p>\r\n', '[\"<p>মডেম কী?</p>\\r\\n\",\"<p>ডেটা চলাচলের জন্য ফাইবার অপটিক ক্যাবল অধিক কার্যকর কেন?</p>\\r\\n\",\"<p>হাসানের বায়োডাটা প্রেরণের প্রযুক্তিটি ব্যাখ্যা কর।</p>\\r\\n\",\"<p>ইদ্রিস এবং সুমনের বাড়িতে ব্যবহৃত প্রযুক্তি দুটির মধ্যে কোনটি উত্তম? বিশ্লেষণপূর্বক মতামত দাও।</p>\\r\\n\"]', '', '', '', 2),
(102, 2, 3, 25, '<p>নিচের চিত্রকল্পটি লক্ষ কর এবং প্রশ্নগুলোর উত্তর দাও।</p>\r\n\r\n<p>&nbsp;</p>\r\n\r\n<p><img alt=\"\" src=\"http://my.questionskit.com/uploads/questions/2-8.PNG\" /></p>\r\n', '[\"<p>রাউটার কী?</p>\\r\\n\",\"<p>ডেটা আদান-প্রদানে মডেম গুরুত্বপূর্ণ ভূমিকা পালন করে- বুঝিয়ে লেখ।</p>\\r\\n\",\"<p>উদ্দীপকে বর্ণীত ফিজিক্যাল লে-আউট ব্যাখ্যা কর।</p>\\r\\n\",\"<p>চিত্রকল্পের প্রতিটি কম্পিউটার পরস্পরের সাথে যুক্ত সংযোগ ব্যবস্থা ও সংযোগ ব্যবহার তুলনামূলক আলোচনা কর।</p>\\r\\n\"]', '<p>চিত্রকল্পের প্রতিটি কম্পিউটার পরস্পরের সাথে যুক্ত সংযোগ ব্যবস্থা ও সংযোগ ব্যবহার তুলনামূলক আলোচনা কর।</p>\r\n', '4', '2000', 2),
(103, 2, 3, 25, '<p>নিচের চিত্রকল্পগুলো লক্ষ কর এবং প্রশ্নগুলোর উত্তর দাও।&nbsp;</p>\r\n\r\n<p><img alt=\"\" src=\"http://my.questionskit.com/uploads/questions/2-13.PNG\" /></p>\r\n', '[\"<p>ব্যান্ড উইডথ কী?&nbsp;</p>\\r\\n\",\"<p>পূর্ণ অভ্যন্তরীণ প্রতিফলন পদ্ধতিতে ডেটা চলাচল ব্যাখ্যা কর।</p>\\r\\n\",\"<p>চিত্র-১ ও চিত্র-২ সংযুক্ত করলে কোন ধরনের টপোলজি গঠিত হবে? ব্যাখ্যা কর&nbsp;</p>\\r\\n\",\"<p>স্বল্প ব্যয়ে ল্যাবরেটরিতে ব্যবহারের জন্য উদ্দীপকের কোন টপোলজিটি অধিকতর উপযোগী? তুলনামূলক বিশ্লেষণপূর্বক মতামত দাও।</p>\\r\\n\"]', '', '', '', 2),
(104, 2, 3, 25, '<p>একটি প্রতিষ্ঠানের &lsquo;এ&rsquo;, &lsquo;বি&rsquo; এবং &lsquo;সি&rsquo; শাখা তিনটির প্রতিটিতে অবস্থিত বিভিন্ন বিভাগের মধ্যে নিজস্ব নেটওয়ার্ক ব্যবস্থা রয়েছে। কর্তৃপক্ষ প্রতিটি শাখাকে একটি কেন্দ্রীয় নেটওয়ার্কের আওতায় আনার সিদ্ধান্ত নিয়েছে। কিন্তু শাখা অফিসগুলোর ভৌগোলিক দূরত্ব বেশি হওয়ার কারণে ক্যাবল ব্যবহার করা যাচ্ছে না।&nbsp;</p>\r\n', '[\"<p>ফুল ডুপ্লেক্স কী?&nbsp;</p>\\r\\n\",\"<p>অপটিক্যাল ফাইবার তৈরিতে মাল্টিকম্পোনেন্ট কাচ ব্যবহার করা হয় কেন?</p>\\r\\n\",\"<p>উদ্দীপকে বর্ণিত &lsquo;এ&rsquo; স্থানের নেটওয়ার্কের ধরন বর্ণনা কর।&nbsp;</p>\\r\\n\",\"<p>উদ্দীপকের পরিস্থিতিতে যোগাযোগ মাধ্যম নির্বাচনে তোমার সুপারিশ এর পক্ষে যুক্তি দেখাও।&nbsp;</p>\\r\\n\"]', '', '', '', 2),
(105, 2, 3, 25, '<p>কুলিয়ারচর ডিগ্রি কলেজের ল্যাবে কম্পিউটারগুলোর জন্য ইন্টারনেট সুবিধা সকল ছাত্র-ছাত্রীর ব্যবহারের জন্য উন্মুক্ত করে দেয়ার লক্ষ্যে <span style=\"font-size:8.0pt\"><span style=\"font-family:&quot;Calibri&quot;,&quot;sans-serif&quot;\">Free Wi-Fi Zone </span></span> স্থাপন করা হয়েছে। প্রাথমিকভাবে ছাত্র-ছাত্রীরা আনন্দিত হলেও পরবর্তীতে তারা এটি ব্যবহারে বিরক্ত হয়ে উঠে। একই সাথে কলেজের কম্পিউটার অপারেটরও নানা অভিযোগ করেন।</p>\r\n', '[\"<p>ই-মেইল কী?</p>\\r\\n\",\"<p>ডেটা চলাচলের ক্ষেত্রে কোন ধরনের ক্যাবল অধিক কার্যকর?</p>\\r\\n\",\"<p>উদ্দীপকের ব্যবস্থাটি ছাত্র-ছাত্রীদের জন্য ব্যবহার বান্ধব নয়-ব্যাখ্যা কর।</p>\\r\\n\",\"<p>উদ্দীপকের ব্যবস্থায় গোপনীয় ডেটা নিশ্চিতভাবে শিক্ষাবোর্ডে প্রেরণ করার ক্ষেত্রে তোমার সুপারিশ বিশ্লেষণ কর।</p>\\r\\n\"]', '', '', '', 2),
(106, 2, 3, 25, '<p>বাংলাদেশ কম্পিউটার কাউন্সিল হতে গ্রামের একটি কলেজকে দশটি কম্পিউটার, একটি প্রিন্টার ও একটি মডেম প্রদান করা হয়। সবগুলো কম্পিউটার যেন প্রিন্টার ও মডেম ব্যবহার করতে পারে সে ধরনের একটি নেটওয়ার্ক তৈরি করার সিদ্ধান্ত গৃহীত হয়েছে। প্রতিষ্ঠানটি 32 kbps ইন্টারনেট স্পীড গ্রহণ করে। তবে নেটওয়ার্ক প্রতিষ্ঠিত হলেও এর মাধ্যমে সরাসরি ছবি দেখে যোগাযোগ করা যাচ্ছে না।</p>\r\n', '[\"<p>রাউটার কী?</p>\\r\\n\",\"<p>&ldquo;নিরাপদ ডেটা সংরক্ষণে ক্লাউড কম্পিউটিং উত্তম ব্যবস্থা&rdquo;- ব্যাখ্যা কর।&nbsp;&nbsp; &nbsp;</p>\\r\\n\",\"<p>উদ্দীপকে গৃহীত সিদ্ধান্তের যোগাযোগ ব্যবস্থা গ্রহণ করা যায়? চিত্রসহ ব্যাখ্যা কর।</p>\\r\\n\",\"<p>উদ্দীপকে উল্লিখিত সমস্যা নিরসনে তোমার মতামতের সপক্ষে যুক্তি উপস্থাপন কর।</p>\\r\\n\"]', '', '', '', 2),
(107, 2, 3, 25, '<p>দৃশ্যকল্প-১<br />\r\nমারুফা কানাডায় বসবাস করে। মায়ের কথা মনে পড়লে মায়ের সাথে কথা বলে এবং সাথে সাথে মায়ের ছবিও দেখতে পায়। মা মেয়েকে প্রশ্ন করে &lsquo;এটি কীভাবে সম্ভব?&rsquo; মারুফার ব্যবহৃত প্রযুক্তি ক্রমান্বয়ে জনপ্রিয়তা পাচ্ছে।<br />\r\nদৃশ্যকল্প-২<br />\r\nEdubeach কোম্পানির পাঁচজন কর্মকর্তা বাংলাদেশ, চীন, জাপান, ভারত, যুক্তরাষ্ট্র থেকে এক সাথে মোবাইল ফোনে কথা বলছে। ব্যবহৃত প্রক্রিয়াটি তাদের চাহিদা পূরণে সক্ষম নয়।</p>\r\n', '[\"<p>www&nbsp; কী?</p>\\r\\n\",\"<p>ফাইবার অপটিক ক্যাবল নেটওয়ার্কের ব্যাকবোন হিসেবে অধিক ব্যবহৃত হচ্ছে কেন?</p>\\r\\n\",\"<p>উদ্দীপকের দৃশ্যকল্প-১ এ ব্যবহৃত প্রযুক্তিতে তথ্য আদান-প্রদানের প্রক্রিয়া ব্যাখ্যা কর।&nbsp;&nbsp; &nbsp;</p>\\r\\n\",\"<p>উদ্দীপকের দৃশ্যকল্প-১ ও ২ এ ব্যবহৃত যোগাযোগ ব্যাবস্থা দুইটির মধ্যে তুলনামূলক আলোচনা কর।</p>\\r\\n\"]', '', '', '', 2),
(108, 2, 3, 25, '<p>একটি সরকারি কলেজের প্রতিটি বিভাগ কম্পিউটারের মাধ্যমে আলাদাভাবে কাজ করায় ডেটা আদান-প্রদানে বিভিন্ন সমস্যা হয় বিধায় কলেজের অধ্যক্ষ সকল বিভাগকে কম্পিউটার নেটওয়ার্কের আওতায় এনে অফিসের যাবতীয় কার্যক্রম এবং শিক্ষা/পাঠদান অনলাইনে সম্পন্ন করতে পদক্ষেপ গ্রহণ করার আগ্রহ দেখালেন এবং তা বাস্তবায়নের উদ্যোগ নিলেন।</p>\r\n', '[\"<p>ডেটা ট্রান্সমিশন স্পিড কী?</p>\\r\\n\",\"<p>&ldquo;Wifi জোনে ডেটা আদান প্রদান নিরাপদ নয়&rdquo; ব্যাখ্যা কর।</p>\\r\\n\",\"<p>উদ্দীপকে পরিবর্তিত ব্যবস্থায় ডেটা সংরক্ষণের প্রক্রিয়া ব্যাখ্যা কর।</p>\\r\\n\",\"<p>উদ্দীপকে বর্ণিত পরিস্থিতির জন্য কোন ধরনের নেটওয়ার্ক উপযুক্ত? তোমার মতামতের পক্ষে যুক্তি দাও।</p>\\r\\n\"]', '', '', '', 2),
(109, 2, 3, 25, '<p>নুসাইবা তার ফ্লাটের তিনটি রুমের তিনটি কম্পিউটারকে নেটওয়ার্কে স্থাপন করতে চাইল যাতে তার বাবার রুমের কম্পিউটারের সাথে যুক্ত প্রিন্টারটি পরিবারের সবাই ব্যবহার করতে পারে। নেটওয়ার্ক স্থাপনে তার বাবার পরামর্শ হলো কোনো না কোনো তার (ক্যাবল) মাধ্যমে ব্যবহার করা এবং তার আম্মার পরামর্শ হলো কোনো না কোনো ওয়্যারলেস মিডিয়া ব্যবহার করা। তবে নুসাইবা মাঝে মাঝে নিজের মোবাইল ফোন এবং তার আম্মার মোবাইল ফোন-এর সাথে&nbsp;&nbsp;<span style=\"font-size:8.0pt\"><span style=\"font-family:&quot;Calibri&quot;,&quot;sans-serif&quot;\">IEEE 802.15</span></span> স্টান্ডার্ড এর একটি প্রযুক্তির সাহায্যে তথ্য আদান-প্রদান করে।</p>\r\n', '[\"<p>NIC কী?</p>\\r\\n\",\"<p>9600 bps স্পিডটি ব্যাখ্যা কর।</p>\\r\\n\",\"<p>নুসাইবা উদ্দীপকে যে পদ্ধতির সাহায্যে তথ্য আদান-প্রদান করে সেই পদ্ধতিটি ব্যাখ্যা কর।</p>\\r\\n\",\"<p>উদ্দীপকে নেটওয়ার্ক স্থাপনে নুসাইবার কার পরামর্শ গ্রহণ করা উচিৎ বলে তুমি মনে কর? উত্তরের সপক্ষে যুক্তি দাও।</p>\\r\\n\"]', '', '4', '2017', 2),
(110, 2, 3, 25, '<p>সেতু একটি কেন্দ্রীয় কানেক্টিং ডিভাইস দিয়ে তাদের বাসার চারটি ডিজিটাল ডিভাইসের মধ্যে নেটওয়ার্ক স্থাপন করার চিন্তা করল। কেন্দ্রীয় ডিভাইস ব্যবহার করতে চাইল কারণ কোনো একটি ডিজিটাল ডিভাইস নষ্ট হলে যেন পুরো নেটওয়ার্ক সিস্টেম অচল না হয়। কিন্তু তার ভাই শুধুমাত্র নেটওয়ার্কের ব্যাকবোন ক্যাবলের সাহায্যে নেটওয়ার্ক স্থাপন করতে চাইল যাতে নেটওয়ার্ক বাস্তবায়ন খরচ কম হয়। &nbsp; &nbsp; &nbsp; &nbsp;</p>\r\n', '[\"<p>ধ্রুবক কী?</p>\\r\\n\",\"<p>সি (C) কে মধ্যস্তরের ভাষা বলা হয় কেন?</p>\\r\\n\",\"<p>ভৌগোলিক বিচারে উদ্দীপকে গঠিত নেটওয়ার্কটি ব্যাখ্যা কর।</p>\\r\\n\",\"<p>উদ্দীপকে নেটওয়ার্ক সংগঠন বাস্তবায়নে ভাইবোনের চিন্তার ক্ষেত্রে কোনটিকে তুমি বেশি যুক্তিযুক্ত বলে মনে কর? বিশ্লেষণপূর্বক মতামত দাও।&nbsp;&nbsp; &nbsp;</p>\\r\\n\"]', '', '4', '2017', 2),
(111, 2, 3, 25, '<p>মি &quot;X&quot; কম্পিউটারে বসে একটি ব্রাউজার সফটওয়্যার ওপেন (Open) করে প্রথমে তার অ্যাড্রেস বারে একটি এড্রেস লিখে এন্টার (Enter) চাপলো। ফলে একটি মেইল সার্ভিস ওপেন হলো। তারপর সে মেইল সার্ভিস থেকে একটা অ্যাটাচমেন্ট ফাইল ডাউনলোড করলো।</p>\r\n', '[\"<p>টপোলজি কী?</p>\\r\\n\",\"<p>ফাইবার অপটিক্স ক্যাবল ই.এম আই (EMI) মুক্ত কেন?</p>\\r\\n\",\"<p>মি. &quot;X&quot; এর ব্যবহৃত সেবাটি তোমার পঠিত পাঠ্যসূচীর আলোকে বর্ণনা কর।</p>\\r\\n\",\"<p>মি. &quot;X&quot; এর কোন কোন কাজে কী কী ধরনের ডেটা ট্রান্সমিশন মোড ও মেথড ব্যবহৃত হয়েছে তা বিশ্লেষণ কর।</p>\\r\\n\"]', '', '8', '2017', 2),
(112, 2, 3, 25, '<p>একটি ভিডিও এডিটিং ফার্মে পূর্বে কম সংখ্যক কম্পিউটার থাকায় যে নেটওয়ার্ক ক্যাবল ব্যবহার করত বর্তমানে কম্পিউটারের সংখ্যা বৃদ্ধি এবং দ্র&aelig;তগতি নিশ্চিত করতে ক্যাবলটি পরিবর্তন করতে হয়েছে। অপরদিকে স্বল্প খরচে কম্পিউটারগুলির মধ্যে নেটওয়ার্ক এমনভাবে স্থাপন করেছে যেন একটি কম্পিউটার নষ্ট হলে ও অন্য কম্পিউটারে কাজ বন্ধ থাকে না।&nbsp;</p>\r\n', '[\"<p>ডেটা কমিউনিকেশন কী?</p>\\r\\n\",\"<p>&lsquo;ডেটা আদান ও প্রদান একই সময়ে &nbsp;সম্ভব&rsquo;- ব্যাখ্যা কর।</p>\\r\\n\",\"<p>উদ্দীপকে কোন ধরনের নেটওয়ার্ক টপোলজি ব্যবহার করা হয়েছে? ব্যাখ্যা কর।</p>\\r\\n\",\"<p>উদ্দীপকে ব্যবহৃত ফার্মে বর্তমানে কোন ধরনের নেটওয়ার্ক ক্যাবল ব্যবহার করেছে এবং কেন? তার তুলনামূলক বিশ্লেষণ কর।</p>\\r\\n\"]', '', '5', '2017', 2),
(113, 2, 3, 25, '<p>তারেকের বাসার ডেস্কটপ কম্পিউটারটি টেলিফোন লাইনের &nbsp;মাধ্যমে ব্রডব্যান্ড ইন্টারনেটে সংযুক্ত। মোবাইল কোম্পানিগুলোর ইন্টারনেট ডেটা চার্য বেশি হওয়ায় সে তার মোবাইল, ট্যাব এবং ল্যাপটপকে বাসার একই ব্রডব্যান্ড ইন্টারনেটে সংযুক্ত করতে চায়, যাতে সে তার মোবাইলের মাধ্যমেই বিদেশে অবস্থানরত পিতার সাথে ভিডিও কল করতে পারে।&nbsp;</p>\r\n', '[\"<p>ক্লাউড কম্পিউটিং কী?</p>\\r\\n\",\"<p>মোবাইল ফোনের ডেটা ট্রান্সমিশন মোড ব্যাখ্যা কর।</p>\\r\\n\",\"<p>তারেকের ব্যবহৃত মোবাইল ফোনটি কোন প্রজন্মের? এই প্রজন্মের মোবাইল ফোনের ২ টি বৈশিষ্ট্য লিখ।&nbsp;&nbsp; &nbsp;</p>\\r\\n\",\"<p>তারেকের সকল ডিভাইসে একই ব্রডব্যান্ড ইন্টারনেট সংযোগ ব্যবহার করতে গৃহীত সম্ভাব্য ব্যবস্থাটি বিশ্লেষণ কর।</p>\\r\\n\"]', '', '6', '2017', 2),
(114, 2, 3, 25, '<p>আইসিটি নির্ভর জ্ঞান ও প্রযুক্তি মানুষকে সমৃদ্ধির পথে এগিয়ে নিচ্ছে। আরিফ ICT বিষয়ে পড়াশুনা করে এমন একটি যোগাযোগ মাধ্যম সম্পর্কে জানতে পারল যেখানে শব্দের পাশাপাশি চলমান ছবিও পাঠানো যায়। তবে এ মাধ্যমে ডেটা বাঁকা পথে চলাচল করতে পারে না বিধায় উঁচু ভবনের উপর টাওয়ার বসানোর প্রয়োজন হয় যার ফ্রিকোয়েন্সি 300MHz হতে 300GHz পরবর্তীতে নতুন উদ্ভাবিত একটি প্রযুক্তির সাথে এর সম্মিলন ঘটানো হয়, যা সমুদ্রের তলদেশ দিয়ে এক মহাদেশকে অন্য মহাদেশের সাথে যুক্ত করেছে।</p>\r\n', '[\"<p>ব্রিজ কী ?</p>\\r\\n\",\"<p>ওয়াকি-টকিতে যুগপথ কথা বলা ও শোনা সম্ভব নয় কেন? ব্যাখ্যা কর।</p>\\r\\n\",\"<p>উদ্দীপকের ১ম মাধ্যমটি ব্যাখ্যা কর।</p>\\r\\n\",\"<p>&ldquo;দ্বিতীয় মাধ্যম অপেক্ষাকৃত সুবিধাজনক&rdquo; যুক্তিসহ মূল্যায়ন কর।</p>\\r\\n\"]', '', '', '2017', 2),
(115, 2, 3, 25, '<p>টেলিভিশনে বিশ্বকাপ ফুটবল খেলা দেখতে রাহাত তার বন্ধুর বাড়িতে যায়। খেলাশেষে ফেরার পথে সে দেখল রাস্তায় একটি ট্রাক এক্সিডেন্ট করেছে। ট্রাকের সামনে একজন পুলিশ অফিসার দাঁড়িয়ে মোবাইল সদৃশ একটি ডিভাইস ব্যবহার করে থেমে থেমে কথা বলছিলেন। এমন সময় রাহাতের বন্ধু রেজা মোবাইল ফোনে জানতে চাইল খেলায় কোন দেশ জিতেছে? রাহাত উত্তর দিল জার্মানি।</p>\r\n', '[\"<p>কম্পিউটার নেটওয়ার্ক কী?</p>\\r\\n\",\"<p>ডাটা চলাচলের দ্রূততম মাধ্যমটির বর্ণনা দাও।</p>\\r\\n\",\"<p>উদ্দীপকের পুলিশ অফিসারের ডিভাইসটিতে ডাটা আদান প্রদানের জন্য কোন পদ্ধতিটি ব্যবহার করা হচ্ছিল- বিশ্লেষণ কর।&nbsp;&nbsp; &nbsp;</p>\\r\\n\",\"<p>রাহাতের টেলিভিশনে খেলা দেখা এবং খেলার ফলাফল বন্ধুকে জানিয়ে দেওয়ার ক্ষেত্রে ডিভাইস দুটিতে ডাটা ট্রান্সমিশন পদ্ধতির কি কোন বৈসাদৃশ্য আছে? উদ্দীপকের আলোকে ব্যাখ্যা কর।</p>\\r\\n\"]', '', '7', '2017', 2),
(116, 2, 3, 25, '<p><img alt=\"\" src=\"http://my.questionskit.com/uploads/questions/2-29.PNG\" /></p>\r\n', '[\"<p>মডেম কী?</p>\\r\\n\",\"<p>অ্যাসিনক্রোনাস ট্রান্সমিশনে সময় বেশি লাগার কারণ বুঝিয়ে লিখ।</p>\\r\\n\",\"<p>উদ্দীপকের টপোলজীর E ডিভাইসটি নষ্ট হলে ডাটা চলাচলের ক্ষেত্রে যে সমস্যার সৃষ্টি হবে তা ব্যাখ্যা কর।</p>\\r\\n\",\"<p>উদ্দীপকের শুধুমাত্র A, B, C ও D এই চারটি ডিভাইসের মধ্যে কি ব্যবস্থা গ্রহণ করলে ডাটা চলাচলের গতি সবচেয়ে বেশি হবে বিশ্লেষণ কর।</p>\\r\\n\"]', '', '7', '2017', 2),
(117, 2, 3, 25, '<p>সুপর্নার অফিসে একটি নেটওয়ার্ক চালু আছে যেখানে একটি মূল ক্যাবলের সাথে ১০ টি কম্পিউটার সরাসরি যুক্ত রয়েছে। সম্প্রতি তিনি বিপুল পরিমাণ ডেটা প্রক্রিয়াকরণের কাজ পান। কিন্তু তার ফিসে উক্ত কাজের উপযোগী ক্ষমতাসম্পন্ন কম্পিউটার নেই। আর্থিক সীমাবদ্ধতার কারণে অন্যান্য প্রয়োজনীয় যন্ত্রপাতি ও সফটওয়্যার সংগ্রহ করতে না পারায় তিনি কাজটি যথা সময়ে সম্পন্ন করা নিয়ে চিন্তিত। তাই তিনি অনলাইনভিত্তিক সেবা গ্রহণের সিদ্ধান্ত নিলেন।</p>\r\n', '[\"<p>মডেম কী?</p>\\r\\n\",\"<p>অপটিক্যাল ফাইবারের ব্যান্ডউইডথ বুঝিয়ে লেখ।</p>\\r\\n\",\"<p>সুপর্নার অফিসের কম্পিউটার নেটওয়ার্কের টপোলজি ব্যাখ্যা কর।</p>\\r\\n\",\"<p>সুপর্নার গৃহীত সিদ্ধান্তের যৌক্তিকতা বিশ্লেষণ কর।</p>\\r\\n\"]', '', '', '2017', 2),
(118, 2, 3, 25, '<p><img alt=\"\" src=\"http://my.questionskit.com/uploads/questions/2-31.PNG\" /></p>\r\n', '[\"<p>ডেটা ট্রান্সমিশন মোড কী?</p>\\r\\n\",\"<p>&ldquo;স্বল্প দূরত্বে বিনা খরচে ডেটা স্থানান্তর সম্ভব&rdquo;- ব্যাখ্যা কর।</p>\\r\\n\",\"<p>চিত্র-১ এর নেটওয়ার্ক টপোলজি ব্যাখ্যা কর।</p>\\r\\n\",\"<p>স্বল্পব্যয়ে ল্যাবরেটরিতে ব্যবহারের জন্য উদ্দীপকের কোন টপোলজিটি অধিকতর উপযোগী? তুলনামূলক বিশ্লেষণপূর্বক মতামত দাও।&nbsp;&nbsp; &nbsp;</p>\\r\\n\"]', '', '', '2017', 2),
(119, 2, 3, 25, '<p>জারিফ ও জায়ান একাদশ শ্রেণির ছাত্র। তাদের শিক্ষার মান উন্নয়নে ICT শিক্ষকের পরামর্শে ল্যাপটপ ও ইন্টারনেট সংযোগ &nbsp;নেয়। বাড়িতে টেলিভিশন না থাকায় &nbsp;মাঝে মাঝে বাড়ির সকলে মিলে বিভিন্ন অনুষ্ঠান ও ক্রিকেট খেলা দেখে। কিছুদিন পরে দেখা গেল ইন্টারনেট সংযোগ থাকার কারণে জারিফের রেজাল্ট বেশ ভাল হয়। কিন্তু জায়ান পিছিয়ে পড়ে।</p>\r\n', '[\"<p>ক্লাউড কম্পিউটিং কী?</p>\\r\\n\",\"<p>&ldquo;অপটিক্যাবল ফাইবার কেবলকে নেটওয়ার্কের ব্যাকবোন বলা হয়&rdquo;- ব্যাখ্যা কর।</p>\\r\\n\",\"<p>উদ্দীপকের আলোকে অনুষ্ঠান ও ক্রিকেট খেলায় ব্যবহৃত ডেটা আদান-প্রদানের মোড ব্যাখ্যা কর।&nbsp;&nbsp; &nbsp;</p>\\r\\n\",\"<p>জারিফ ও জায়ানের রেজাল্টে কী ধরনের প্রভাব পরিলক্ষিত হয় উদ্দীপকের আলোকে বিশ্লেষণপূর্বক মতামত দাও।</p>\\r\\n\"]', '', '9', '2017', 2),
(120, 2, 3, 25, '<p>চট্টগ্রাম বিশ্ববিদ্যালয় ক্যাম্পাস পাহাড়ী এলাকায় প্রায ১০-১১ কি.মি. বিস্তৃত। বিশ্ববিদ্যালয়ের বিভিন্ন বিভাগ নিজ নিজ উদ্যোগে ইন্টারনেট সেবা ব্যবহার করছে, যা অত্যন্ত ব্যয়বহুল। ভিসি মহোদয়ের নিকট সমস্যাটি উপস্থাপন করা হলে তিনি বিশ্ববিদ্যালয়ের IT ইনচার্জের পরামর্শে কেন্দ্রীয় (একক নিয়ন্ত্রিত) ইন্টারনেট সেবা চালু করেন। কিন্তু দূরত্ব ও পাহাড়ের উঁচু-নিচুর কারণ কিছু বিভাগে ইন্টারনেট সেবা মানে দুর্বলতা দেখা দিল।&nbsp;&nbsp; &nbsp;</p>\r\n', '[\"<p>ব্যান্ড উইথ কী?</p>\\r\\n\",\"<p>হাবের পরিবর্তে সুইচ ব্যবহার করলে কি সুবিধা পাওয়া যায়- ব্যাখ্যা কর।</p>\\r\\n\",\"<p>IT ইনচার্জ কোন ধরনের পরামর্শ দিয়েছিলেন? বর্ণনা কর।</p>\\r\\n\",\"<p>সকল বিভাগে ইন্টারনেট সেবার মান উন্নয়নে করণীয় ব্যাখ্যা কর।</p>\\r\\n\"]', '', '', '2017', 2),
(121, 2, 3, 24, '<p>a</p>\r\n', '[\"<p>a</p>\\r\\n\",\"<p>a</p>\\r\\n\",\"<p>a</p>\\r\\n\",\"<p>a</p>\\r\\n\"]', '<p>a</p>\r\n', '4', '2017', 2);

-- --------------------------------------------------------

--
-- Table structure for table `exams`
--

CREATE TABLE `exams` (
  `id` int(11) NOT NULL,
  `name` varchar(100) NOT NULL,
  `code` varchar(20) NOT NULL,
  `q_set_id` int(11) NOT NULL,
  `class` varchar(50) NOT NULL,
  `subject` varchar(50) NOT NULL,
  `start_time` datetime NOT NULL,
  `end_time` datetime NOT NULL,
  `status` int(2) DEFAULT NULL,
  `school_id` int(11) DEFAULT NULL,
  `teacher_id` int(11) DEFAULT NULL,
  `created_at` timestamp NOT NULL DEFAULT current_timestamp(),
  `updated_at` timestamp NOT NULL DEFAULT current_timestamp() ON UPDATE current_timestamp()
) ENGINE=InnoDB DEFAULT CHARSET=utf8mb4 COLLATE=utf8mb4_general_ci;

--
-- Dumping data for table `exams`
--

INSERT INTO `exams` (`id`, `name`, `code`, `q_set_id`, `class`, `subject`, `start_time`, `end_time`, `status`, `school_id`, `teacher_id`, `created_at`, `updated_at`) VALUES
(25, 'test exam', 'QK(QG_66_4861', 67, '2', '3', '2023-06-06 09:51:00', '2024-02-06 09:51:00', 0, 1, 1, '2023-06-06 03:52:06', '2023-06-06 03:52:06'),
(26, 'সাপ্তাহিক পরীক্ষা', 'QK(QG_76_2093', 69, '2', '3', '2023-06-07 09:55:00', '2023-07-07 09:55:00', 0, 1, 1, '2023-06-07 03:56:04', '2023-06-07 03:56:04');

-- --------------------------------------------------------

--
-- Table structure for table `exams_participants`
--

CREATE TABLE `exams_participants` (
  `id` int(11) NOT NULL,
  `answers` varchar(800) NOT NULL,
  `submit_on` timestamp NOT NULL DEFAULT current_timestamp() ON UPDATE current_timestamp(),
  `score` int(5) DEFAULT NULL,
  `exam_id` int(11) DEFAULT NULL,
  `stu_id` int(10) DEFAULT NULL,
  `school_id` int(11) DEFAULT NULL,
  `created_at` timestamp NOT NULL DEFAULT current_timestamp(),
  `updated_at` timestamp NOT NULL DEFAULT current_timestamp() ON UPDATE current_timestamp()
) ENGINE=InnoDB DEFAULT CHARSET=utf8mb4 COLLATE=utf8mb4_general_ci;

--
-- Dumping data for table `exams_participants`
--

INSERT INTO `exams_participants` (`id`, `answers`, `submit_on`, `score`, `exam_id`, `stu_id`, `school_id`, `created_at`, `updated_at`) VALUES
(22, '\"4,1,1,1,2,3,1,1,1,1,1,3,1,2,3,4,3,1,4,2,1,1,2,1,4\"', '2023-06-06 03:57:18', 23, 25, 2423, 1, '2023-06-06 03:57:16', '2023-06-06 03:57:18'),
(23, '\"2,3,2,1,4,2,2,2,1,3,3,1,1,1,3,3,1,1,1,3,2,1,3,4,4\"', '2023-06-07 04:00:46', 12, 26, 2423, 1, '2023-06-07 04:00:44', '2023-06-07 04:00:46');

-- --------------------------------------------------------

--
-- Table structure for table `filter`
--

CREATE TABLE `filter` (
  `id` int(11) NOT NULL,
  `type` varchar(10) NOT NULL,
  `name` varchar(300) DEFAULT NULL
) ENGINE=InnoDB DEFAULT CHARSET=latin1 COLLATE=latin1_swedish_ci;

--
-- Dumping data for table `filter`
--

INSERT INTO `filter` (`id`, `type`, `name`) VALUES
(1, 'uni', 'BUET'),
(2, 'uni', 'Dhaka University'),
(3, 'uni', 'Jahangirnagar University'),
(4, 'board', 'Dhaka'),
(5, 'board', 'Comilla'),
(6, 'board', 'Jessore'),
(7, 'board', 'Chittagong'),
(8, 'board', 'Rajshahi'),
(9, 'board', 'Dinajpur'),
(10, 'board', 'Barishal'),
(11, 'board', 'Sylhet'),
(12, 'board', 'Mymensingh'),
(13, 'board', 'Madrasha ');

-- --------------------------------------------------------

--
-- Table structure for table `moderator`
--

CREATE TABLE `moderator` (
  `id` int(11) NOT NULL,
  `userType` enum('moderator') DEFAULT NULL,
  `name` varchar(100) NOT NULL,
  `username` varchar(30) NOT NULL,
  `email` varchar(100) DEFAULT NULL,
  `phone` varchar(15) NOT NULL,
  `password` varchar(255) NOT NULL,
  `avater` varchar(300) DEFAULT NULL
) ENGINE=InnoDB DEFAULT CHARSET=utf8mb4 COLLATE=utf8mb4_general_ci;

--
-- Dumping data for table `moderator`
--

INSERT INTO `moderator` (`id`, `userType`, `name`, `username`, `email`, `phone`, `password`, `avater`) VALUES
(1, 'moderator', 'Questions Kit', 'DTHHaB', 'admin@edubeach.com', '01719686168', '$2b$11$JZ/DoKB57WsEO1EWWVX0j.pPYRb6SvOVBQynEBm6buT1GX389Z7hS', '/uploads/moderator_avater_1680884299511_Screenshot 2023-03-26 005004.png'),
(2, 'moderator', 'Habibur Rahman', 'Habib', 'habibbzm2018@gmail.com', '01712128532', '$2b$11$NEYI47osxplF12haums4muI4X4hb4s9pQ1kUEMcxOaAWlRKLR8Q5C', '/uploads/moderator_avater_1685594263619_K.png');

-- --------------------------------------------------------

--
-- Table structure for table `packages`
--

CREATE TABLE `packages` (
  `id` int(11) NOT NULL,
  `package_name` enum('silver','gold','platinum') NOT NULL,
  `price` int(6) NOT NULL,
  `validity` int(6) NOT NULL,
  `teacher_limit` int(6) NOT NULL,
  `student_limit` int(6) DEFAULT NULL,
  `total_subscriber` int(6) NOT NULL,
  `createdAt` timestamp(6) NOT NULL DEFAULT current_timestamp(6)
) ENGINE=InnoDB DEFAULT CHARSET=utf8mb4 COLLATE=utf8mb4_general_ci;

--
-- Dumping data for table `packages`
--

INSERT INTO `packages` (`id`, `package_name`, `price`, `validity`, `teacher_limit`, `student_limit`, `total_subscriber`, `createdAt`) VALUES
(1, 'silver', 1200, 12, 1, 100, 0, '2023-04-04 19:57:02.639398'),
(2, 'gold', 2500, 12, 5, 500, 0, '2023-04-04 19:57:02.655152'),
(3, 'platinum', 50000, 24, 5000, 500000, 0, '2023-04-04 19:57:02.665706');

-- --------------------------------------------------------

--
-- Table structure for table `pkg_subscriber`
--

CREATE TABLE `pkg_subscriber` (
  `id` int(11) NOT NULL,
  `pkg_id` int(11) DEFAULT NULL,
  `user_id` int(11) DEFAULT NULL,
  `approval_status` int(1) DEFAULT 0,
  `createdAt` timestamp(6) NOT NULL DEFAULT current_timestamp(6),
  `updatedAt` timestamp(6) NOT NULL DEFAULT current_timestamp(6)
) ENGINE=InnoDB DEFAULT CHARSET=utf8mb4 COLLATE=utf8mb4_general_ci;

-- --------------------------------------------------------

--
-- Table structure for table `questions`
--

CREATE TABLE `questions` (
  `id` int(11) NOT NULL,
  `class_id` int(11) DEFAULT NULL,
  `subject_id` int(11) DEFAULT NULL,
  `chapter_id` int(11) DEFAULT NULL,
  `question_text` text NOT NULL,
  `question_option` text NOT NULL,
  `question_answer` text NOT NULL,
  `filter` varchar(300) DEFAULT NULL,
  `year` varchar(4) DEFAULT NULL,
  `fk_author` int(11) DEFAULT NULL
) ENGINE=InnoDB DEFAULT CHARSET=utf8mb4 COLLATE=utf8mb4_general_ci;

--
-- Dumping data for table `questions`
--

INSERT INTO `questions` (`id`, `class_id`, `subject_id`, `chapter_id`, `question_text`, `question_option`, `question_answer`, `filter`, `year`, `fk_author`) VALUES
(298, 2, 3, 24, '<p>তথ্য ও যোগাযোগ প্রযুক্তির বিকাশে কোনটির অবদান সবচেয়ে বেশি?</p>\r\n', '[\"<p>রেডিও</p>\\r\\n\",\"<p>টেলিফোন</p>\\r\\n\",\"<p>টেলিভিশন</p>\\r\\n\",\"<p>কম্পিউটার</p>\\r\\n\"]', '4', NULL, '', 2),
(299, 2, 3, 24, '<p>টেলিযোগাযোগের মাধ্যমে সভা করাকে কী বলা হয়?</p>\r\n', '[\"<p>টেলিকনফারেন্স</p>\\r\\n\",\"<p>টেলিকমিউনিকশেন</p>\\r\\n\",\"<p>ভিডিও কনফারেন্স</p>\\r\\n\",\"<p>ভিডিও চ্যাটিং</p>\\r\\n\"]', '1', NULL, '', 2),
(300, 2, 3, 24, '<p>রোগী দূরের ডাক্তারের কাছে থেকে সেবা পেতে পারে কোনটির মাধ্যমে?</p>\r\n', '[\"<p>ভিডিও কনফারেন্স</p>\\r\\n\",\"<p>অনলাইন চ্যাটিং</p>\\r\\n\",\"<p>টেলিকনফারেন্স</p>\\r\\n\",\"<p>ভয়েস কল</p>\\r\\n\"]', '1', NULL, '', 2),
(301, 2, 3, 24, '<p>তথ্য প্রযুক্তি বলতে মূলত কী বুঝায়?</p>\r\n', '[\"<p>তথ্য রাখা ও ব্যবহার করার প্রযুক্তি</p>\\r\\n\",\"<p>তথ্য বিক্রির প্রযুক্তি</p>\\r\\n\",\"<p>তথ্য বিকৃতির প্রযুক্তি</p>\\r\\n\",\"<p>শুধুমাত্র তথ্য সংরক্ষণ করার প্রযুক্তি</p>\\r\\n\"]', '1', NULL, '', 2),
(302, 2, 3, 24, '<p>টেলিভিশন একটি -</p>\r\n', '[\"<p>প্রেরক যন্ত্র</p>\\r\\n\",\"<p>একমুখী যোগাযোগ ব্যবস্থা</p>\\r\\n\",\"<p>দ্বিমুখী যোগাযোগ ব্যবস্থা</p>\\r\\n\",\"<p>টেলিকমিউনিকেশন</p>\\r\\n\"]', '2', NULL, '', 2),
(303, 2, 3, 24, '<p>কোন প্রযুক্তি ব্যবহার করে ভিন্ন স্থানে থেকেও মিটিং এর কাজ সম্পন্ন করা যায়?</p>\r\n', '[\"<p>ই-মেইল</p>\\r\\n\",\"<p>ফেইসবুক</p>\\r\\n\",\"<p>টেলিকনফারেন্সিং</p>\\r\\n\",\"<p>টুইটার</p>\\r\\n\"]', '3', NULL, '', 2),
(304, 2, 3, 24, '<p>কোনটি আবিষ্কারের ফলে যোগাযোগ ব্যবস্থার প্রভূত উন্নতি হয়?</p>\r\n', '[\"<p>কম্পিউটার</p>\\r\\n\",\"<p>টেলিফোন</p>\\r\\n\",\"<p>প্রিন্টার</p>\\r\\n\",\"<p>টেলিগ্রাফ</p>\\r\\n\"]', '1', NULL, '', 2),
(305, 2, 3, 24, '<p>তথ্য ও যোগাযোগ প্রযুক্তি -</p>\r\n', '[\"<p>অপচয় কমায়</p>\\r\\n\",\"<p>শারীরিক শ্রম বাড়ায়</p>\\r\\n\",\"<p>ব্যয় বৃদ্ধি পায়</p>\\r\\n\",\"<p>মানুষের মেধা ব্যবহার কমায়</p>\\r\\n\"]', '1', '13', '2017', 2),
(306, 2, 3, 24, '<p>ভিডিও কনফারেন্সিং ব্যবস্থায় অংশগ্রহণকারীরা -<br />\r\n&nbsp;&nbsp; &nbsp;i. একে অপরের ছবি দেখতে পারে&nbsp;<br />\r\n&nbsp;&nbsp; &nbsp;ii. প্রত্যেকে প্রত্যেকের কথোপকথন শুনতে পায়<br />\r\n&nbsp;&nbsp; &nbsp;iii.নিজেদের মধ্যে চিঠিপত্র আদান-প্রদান করতে পারে<br />\r\n&nbsp;&nbsp; &nbsp;নিচের কোনটি সঠিক?</p>\r\n', '[\"<p>i ও ii</p>\\r\\n\",\"<p>i ও iii</p>\\r\\n\",\"<p>ii ও iii</p>\\r\\n\",\"<p>i, ii ও iii</p>\\r\\n\"]', '1', NULL, '', 2),
(307, 2, 3, 24, '<p>বিশ্বগ্রাম ধারণার প্রবক্তা কে?</p>\r\n', '[\"<p>মার্শাল ম্যাকলুহান</p>\\r\\n\",\"<p>টিম বার্নার্স লী</p>\\r\\n\",\"<p>মার্ক জুকার বার্গ</p>\\r\\n\",\"<p>ই এফ কড</p>\\r\\n\"]', '1', '4,5', '2016', 2),
(308, 2, 3, 24, '<p>ইন্টারনেটের মাধ্যমে ঘরে বসে কর্মসংস্থানের সুযোগকে কি বলা হয়?</p>\r\n', '[\"<p>ই-কমার্স</p>\\r\\n\",\"<p>ই-মার্কেটিং</p>\\r\\n\",\"<p>ই-বিজনেস</p>\\r\\n\",\"<p>আউটসোর্সিং</p>\\r\\n\"]', '4', NULL, '', 2),
(309, 2, 3, 24, '<p>ফ্রিল্যান্সিং কী?</p>\r\n', '[\"<p>দীর্ঘ মেয়াদি চুক্তিতে কাজ করা</p>\\r\\n\",\"<p>নিয়ম মাফিক ১০টা-৫টা অফিস করা</p>\\r\\n\",\"<p>স্বাধীনভাবে যে কোনো ব্যক্তি বা প্রতিষ্ঠানে কাজ করা</p>\\r\\n\",\"<p>সুনির্দিষ্ট কাজের লাইসেন্স নিয়ে কাজ করা</p>\\r\\n\"]', '3', NULL, '', 2),
(310, 2, 3, 24, '<p>গ্লোবাল ভিলেজ প্রতিষ্ঠার ক্ষেত্রে নিচের কোন উপাদানটির ভূমিকা সবচেয়ে বেশি?</p>\r\n', '[\"<p>ইন্টারনেট</p>\\r\\n\",\"<p>রেডিও</p>\\r\\n\",\"<p>টেলিভিশন</p>\\r\\n\",\"<p>টেলিফোন</p>\\r\\n\"]', '1', NULL, '', 2),
(311, 2, 3, 24, '<p>বিশ্বগ্রাম ধারণার সাথে কোন বিষয়টি বিশেষভাবে সম্পৃক্ত?&nbsp;</p>\r\n', '[\"<p>গ্রামের সাথে শহরের সহজ যোগাযোগ&nbsp;</p>\\r\\n\",\"<p>ইন্টারনেট সুবিধার ব্যাপক প্রসার</p>\\r\\n\",\"<p>বিশ্বব্যাপী গ্রামকে নগরে পরিবর্তন</p>\\r\\n\",\"<p>শিক্ষার অবাধ সুযোগ সুবিধার বিস্তার</p>\\r\\n\"]', '2', '4', '2016', 2),
(312, 2, 3, 24, '<p>কোনো বিজ্ঞাপন বিশ্বব্যাপী ছড়িয়ে দিতে হলে কী করতে হবে?</p>\r\n', '[\"<p>সাইনবোর্ডে টাঙাতে হবে</p>\\r\\n\",\"<p>পত্রিকায় দিতে হবে</p>\\r\\n\",\"<p>ওয়েবসাইটে দিতে হবে</p>\\r\\n\",\"<p>রেডিওতে প্রচার করতে হবে</p>\\r\\n\"]', '3', NULL, '', 2),
(313, 2, 3, 24, '<p>হারবার্ট মার্শাল ম্যাকলুহান নিচের কোন দেশটির অধিবাসী ছিলেন?</p>\r\n', '[\"<p>জার্মানি</p>\\r\\n\",\"<p>ফ্রান্স</p>\\r\\n\",\"<p>গ্রিস</p>\\r\\n\",\"<p>কানাডা</p>\\r\\n\"]', '4', NULL, '', 2),
(314, 2, 3, 24, '<p>বিশ্বগ্রামের মেরুদন্ড কোনটি?</p>\r\n', '[\"<p>হার্ডওয়্যার</p>\\r\\n\",\"<p>সফটওয়্যার</p>\\r\\n\",\"<p>কানেকটিভিটি</p>\\r\\n\",\"<p>ডেটা</p>\\r\\n\"]', '3', '7', '2016', 2),
(315, 2, 3, 24, '<p>কোনটির মাধ্যমে এক দেশের লোক অন্য দেশের লোকের সাথে ভিডিও চ্যাট করেন?</p>\r\n', '[\"<p>স্কাইপি</p>\\r\\n\",\"<p>মাই স্পেস</p>\\r\\n\",\"<p>টুইটার</p>\\r\\n\",\"<p>ইউটিউব</p>\\r\\n\"]', '1', NULL, '', 2),
(316, 2, 3, 24, '<p>অনলাইনের মাধ্যমে ব্যবসায়-বাণিজ্য করাকে বলা হয় -</p>\r\n', '[\"<p>ই-মেইল</p>\\r\\n\",\"<p>ই-বুক</p>\\r\\n\",\"<p>ই-গভর্নেস</p>\\r\\n\",\"<p>ই-কমার্স</p>\\r\\n\"]', '4', NULL, '', 2),
(317, 2, 3, 24, '<p>আউটসোর্সিং কী?</p>\r\n', '[\"<p>নির্দিষ্ট শ্রম ঘণ্টায় কাজ করা</p>\\r\\n\",\"<p>ইন্টারনেটভিত্তিক কাজ</p>\\r\\n\",\"<p>বিশেষ ব্রাউজিং সুবিধা</p>\\r\\n\",\"<p>বিশ্বব্যাপী নেটওয়ার্ক ব্যবস্থা</p>\\r\\n\"]', '2', '4', '2016', 2),
(318, 2, 3, 24, '<p>কোনটির কল্যাণে ঘরে বসেই বিশ্বকে হাতের মুঠোয় পাওয়া যাচ্ছে?</p>\r\n', '[\"<p>ইন্টারনেট</p>\\r\\n\",\"<p>টেলিভিশন</p>\\r\\n\",\"<p>টেলিফোন</p>\\r\\n\",\"<p>মোবাইল ফোন</p>\\r\\n\"]', '1', NULL, '', 2),
(319, 2, 3, 24, '<p>দূরবর্তী কোনো ব্যক্তির সাথে যোগাযোগের সময় কোনটি থাকা প্রয়োজন হয়?</p>\r\n', '[\"<p>&nbsp;ইন্টারনেট</p>\\r\\n\",\"<p>ক্রায়োসার্জারি</p>\\r\\n\",\"<p>গ্লোবাল ভিলেজ</p>\\r\\n\",\"<p>ভার্চুয়াল রিয়েলিটি</p>\\r\\n\"]', '1', NULL, '', 2),
(320, 2, 3, 24, '<p>দেশের অর্থনীতির চাকাকে বেগবান করার ক্ষেত্রে নিচের কোনটি নতুন মাত্রা যুক্ত করেছে?</p>\r\n', '[\"<p>ফেইসবুক</p>\\r\\n\",\"<p>আউটসোর্সিং</p>\\r\\n\",\"<p>গুগল</p>\\r\\n\",\"<p>সংবাদপত্র</p>\\r\\n\"]', '2', NULL, '', 2),
(321, 2, 3, 24, '<p>অর্থ প্রেরণ ও গ্রহণের ক্ষেত্রে নিচের কোনটি নির্ভরযোগ্য মাধ্যমে পরিণত হয়েছে?</p>\r\n', '[\"<p>মোবাইল ব্যাংকিং</p>\\r\\n\",\"<p>কুরিয়ার সার্ভিস</p>\\r\\n\",\"<p>তফসিলি ব্যাংক</p>\\r\\n\",\"<p>পোস্ট অফিস</p>\\r\\n\"]', '1', NULL, '', 2),
(322, 2, 3, 24, '<p>ই-কমার্স এর অন্তর্ভুক্ত নয় -</p>\r\n', '[\"<p>বিপণন</p>\\r\\n\",\"<p>সরবরাহ</p>\\r\\n\",\"<p>লেনদেন</p>\\r\\n\",\"<p>প্রচার</p>\\r\\n\"]', '3', '6', '2016', 2),
(323, 2, 3, 24, '<p>প্লেজিয়ারিজম কোন অপরাধের সাথে জড়িত ?</p>\r\n', '[\"<p>অন্যের লেখা চুরি</p>\\r\\n\",\"<p>সফটওয়্যার পাইরেসি</p>\\r\\n\",\"<p>কপিরাইট লংঘন</p>\\r\\n\",\"<p>আইডেন্টিটি চুরি</p>\\r\\n\"]', '1', '9', '2016', 2),
(324, 2, 3, 24, '<p>অনুমতি ব্যতীত কোনো কম্পিউটার নেটওয়ার্কে প্রবেশ করে কম্পিউটার ব্যবহার করাকে কি বলে?</p>\r\n', '[\"<p>সফটওয়্যার পাইরেসি</p>\\r\\n\",\"<p>ন্যানো টেকনোলজি</p>\\r\\n\",\"<p>প্লেজিয়ারিজম</p>\\r\\n\",\"<p>হ্যাকিং</p>\\r\\n\"]', '4', '7', '2016', 2),
(325, 2, 3, 24, '<p>কোনটি আউটসোর্সিং-এর মার্কেট প্লেস?</p>\r\n', '[\"<p>টুইটার</p>\\r\\n\",\"<p>মাইস্পেস</p>\\r\\n\",\"<p>ওডেক্স</p>\\r\\n\",\"<p>ডিগ</p>\\r\\n\"]', '3', '5', '2017', 2),
(326, 2, 3, 24, '<p>কোন উপদানটি Global Village এর ক্ষেত্রে সবচেয়ে গুরুত্বপূর্ণ?&nbsp;</p>\r\n', '[\"<p>ইন্টারনেট</p>\\r\\n\",\"<p>সংবাদপত্র</p>\\r\\n\",\"<p>টেলিভিশন</p>\\r\\n\",\"<p>মোবাইল</p>\\r\\n\"]', '1', '6', '2017', 2),
(327, 2, 3, 24, '<p>ইন্টারনেটের মাধ্যমে ব্যবসায় পরিচালনা করাকে কী বলে?&nbsp;</p>\r\n', '[\"<p>ই-মেইল</p>\\r\\n\",\"<p>ই-কমার্স</p>\\r\\n\",\"<p>ই-ট্রেড</p>\\r\\n\",\"<p>ই-গভর্নেন্স</p>\\r\\n\"]', '2', '6', '2017', 2),
(328, 2, 3, 24, '<p>ইন্টারনেট ব্যবহার করে কর্মসংস্থানের সুযোগকে কী বলা হয়?&nbsp;</p>\r\n', '[\"<p>ই-কমার্স&nbsp;&nbsp; &nbsp;</p>\\r\\n\",\"<p>আউটসোর্সিং</p>\\r\\n\",\"<p>ই-জিনেস</p>\\r\\n\",\"<p>ই-গভর্নেন্স</p>\\r\\n\"]', '2', '7', '2017', 2),
(329, 2, 3, 24, '<p>বিশ্বগ্রাম বলতে বোঝায় -&nbsp; &nbsp; &nbsp; &nbsp;&nbsp;<br />\r\n&nbsp;&nbsp; i. রিয়েল টাইম সেবা বিনিময়<br />\r\n&nbsp; ii.তথ্য ও বিনোদনের সহজলভ্যতা<br />\r\n&nbsp;iii. বিশ্বের গ্রামসমূহের আন্তঃসম্পর্ক<br />\r\n&nbsp;&nbsp; &nbsp;নিচের কোনটি সঠিক?</p>\r\n', '[\"<p>i ও ii</p>\\r\\n\",\"<p>i ও iii</p>\\r\\n\",\"<p>ii ও iii</p>\\r\\n\",\"<p>i, ii ও iii</p>\\r\\n\"]', '1', '10', '2016', 2),
(330, 2, 3, 24, '<p>হারবার্ট মার্শাল ম্যাকলুহান-এর বিখ্যাত গ্রন্থের নাম হলো -</p>\r\n\r\n<p>&nbsp;i. <span style=\"font-size:7.0pt\"><span style=\"font-family:&quot;Times New Roman&quot;,&quot;serif&quot;\">The Gutenberg Galaxy : The Making of Typographic Man</span></span><br />\r\nii. <span style=\"font-size:8.0pt\"><span style=\"font-family:&quot;Times New Roman&quot;,&quot;serif&quot;\">Understanding Media</span></span>&nbsp;<br />\r\niii. <span style=\"font-size:12pt\"><span style=\"font-family:SutonnyII\"><span style=\"font-size:8.0pt\"><span style=\"font-family:&quot;Times New Roman&quot;,&quot;serif&quot;\">The C Programming Language</span></span></span></span><br />\r\n&nbsp;&nbsp; &nbsp;নিচের কোনটি সঠিক? &nbsp;</p>\r\n', '[\"<p>ii</p>\\r\\n\",\"<p>iii</p>\\r\\n\",\"<p>i ও ii</p>\\r\\n\",\"<p>i ও iii</p>\\r\\n\"]', '3', NULL, '', 2),
(331, 2, 3, 24, '<p>বিশ্বগ্রাম প্রতিষ্ঠার প্রয়োজনীয় উপাদান হলো -&nbsp; &nbsp; &nbsp;<br />\r\n&nbsp;&nbsp; &nbsp;i.&nbsp;&nbsp; &nbsp;কানেকটিভিটি &nbsp;&nbsp; &nbsp;ii. &nbsp;&nbsp; &nbsp;ডেটা&nbsp;&nbsp; &nbsp;<br />\r\n&nbsp;&nbsp; &nbsp;iii. &nbsp;&nbsp; &nbsp;সক্ষমতা<br />\r\n&nbsp;&nbsp; &nbsp;নিচের কোনটি সঠিক?</p>\r\n', '[\"<p>i ও ii</p>\\r\\n\",\"<p>i ও iii</p>\\r\\n\",\"<p>ii ও iii</p>\\r\\n\",\"<p>i, ii ও iii</p>\\r\\n\"]', '4', '10', '2017', 2),
(332, 2, 3, 24, '<p>আমাদের দেশে প্রচলিত শিক্ষাব্যবস্থার পাশাপাশি নতুন শিক্ষাব্যবস্থা হচ্ছে&nbsp;<br />\r\n&nbsp;&nbsp; &nbsp;i. ওয়েবভিত্তিক&nbsp;&nbsp; &nbsp;ii. ইন্টারনেটভিত্তিক<br />\r\n&nbsp;&nbsp; &nbsp;iii. মাল্টিমিডিয়াভিত্তিক<br />\r\n&nbsp;&nbsp; &nbsp;নিচের কোনটি সঠিক? &nbsp;</p>\r\n', '[\"<p>i</p>\\r\\n\",\"<p>i ও ii</p>\\r\\n\",\"<p>i ও iii</p>\\r\\n\",\"<p>i, ii ও iii</p>\\r\\n\"]', '4', NULL, '', 2),
(333, 2, 3, 24, '<p>E-Commerce -এর সাথে সম্পর্কিত শব্দ হলো -<br />\r\n&nbsp;&nbsp; &nbsp;i. ক্রেডিট কার্ড&nbsp;&nbsp; &nbsp;<br />\r\n&nbsp;&nbsp; &nbsp;ii. ডেবিট কার্ড<br />\r\n&nbsp;&nbsp; iii. আইডেন্টিটি কার্ড<br />\r\n&nbsp;&nbsp; &nbsp;নিচের কোনটি সঠিক? &nbsp;</p>\r\n', '[\"<p>i ও ii</p>\\r\\n\",\"<p>i ও iii</p>\\r\\n\",\"<p>ii ও iii</p>\\r\\n\",\"<p>i, ii ও iii</p>\\r\\n\"]', '1', NULL, '', 2),
(334, 2, 3, 24, '<p>কর্মস্থানের জন্য বর্তমানে -&nbsp;&nbsp;<br />\r\n&nbsp;&nbsp; &nbsp;i. ঘরে বসেই কাজ পাওয়া যায়<br />\r\n&nbsp;&nbsp; &nbsp;ii. ইন্টারনেট সুবিধা নেয়া যায়<br />\r\n&nbsp;&nbsp; &nbsp;iii.বিভিন্ন ওয়েব সুবিধা পাওয়া যায়<br />\r\n&nbsp;&nbsp; &nbsp;নিচের কোনটি সঠিক ?</p>\r\n', '[\"<p>i ও ii</p>\\r\\n\",\"<p>i ও iii</p>\\r\\n\",\"<p>ii ও iii</p>\\r\\n\",\"<p>i, ii ও iii</p>\\r\\n\"]', '4', '8', '2016', 2),
(335, 2, 3, 24, '<p>নিচের উদ্দীপকের আলোকে 24 ও 25 নং প্রশ্নের উত্তর দাও:<br />\r\n&nbsp;&nbsp; &nbsp;মইন সাহেব একটি সরকারি দপ্তরে চাকরি করেন। তিনি সরকারি নির্দেশনা ও তথ্য আদান-প্রদানের জন্য ইন্টারনেট ব্যবহার করেন এবং ভিডিও কনফারেন্সিং ব্যবহার করে জরুরি সিদ্ধান্ত গ্রহণ করেন।</p>\r\n\r\n<p>&nbsp;</p>\r\n\r\n<p>উদ্দীপকের প্রযুক্তি দাপ্তরিক কার্যক্রম ব্যতীত আর যে ক্ষেত্রে ব্যবহৃত হয় তা হলো-&nbsp;&nbsp; -<br />\r\n&nbsp;&nbsp; &nbsp;i.&nbsp; শিক্ষা ক্ষেত্রে&nbsp;&nbsp; &nbsp;ii. গোয়েন্দা নজরদারীতে<br />\r\n&nbsp;&nbsp; iii. সামাজিক যোগাযোগ<br />\r\n&nbsp;&nbsp; &nbsp;নিচের কোনটি সঠিক?</p>\r\n', '[\"<p>i ও ii</p>\\r\\n\",\"<p>i ও iii</p>\\r\\n\",\"<p>ii ও iii</p>\\r\\n\",\"<p>i, ii ও iii</p>\\r\\n\"]', '2', '9', '2016', 2),
(336, 2, 3, 24, '<p>মইন সাহেব একটি সরকারি দপ্তরে চাকরি করেন। তিনি সরকারি নির্দেশনা ও তথ্য আদান-প্রদানের জন্য ইন্টারনেট ব্যবহার করেন এবং ভিডিও কনফারেন্সিং ব্যবহার করে জরুরি সিদ্ধান্ত গ্রহণ করেন।</p>\r\n\r\n<p>মইন সাহেবের তথ্য ও প্রযুক্তি ব্যবহার কোন ধরনের কর্মকান্ড ?&nbsp; &nbsp; &nbsp;<br />\r\n&nbsp;&nbsp; &nbsp;i.ইতিবাচক&nbsp;&nbsp;&nbsp;ii.কার্যকরি&nbsp;&nbsp; &nbsp;iii.সময়োপযোগী<br />\r\n&nbsp;&nbsp; &nbsp;নিচের কোনটি সঠিক?</p>\r\n', '[\"<p>i</p>\\r\\n\",\"<p>i ও ii</p>\\r\\n\",\"<p>i ও iii</p>\\r\\n\",\"<p>i, ii ও iii</p>\\r\\n\"]', '4', '9', '2016', 2),
(337, 2, 3, 24, '<p>নিচের উদ্দীপকের আলোকে 24 ও 25নং প্রশ্নের উত্তর দাও:<br />\r\n&nbsp;&nbsp; &nbsp;শুভ সাহেব এর ছোট ভাই নীল ইউএন মিশনে গেলেন। একদিন একটি প্রযুক্তি ব্যবহার করে শুভ তার অসুস্থ মা এর সাথে নীলের কথা বলার ভান করলেন। আরেকদিন তিনি দ্বিতীয় আরেকটি প্রযুক্তি ব্যবহার করে নীলের সাথে মায়ের কথা ও দেখা ব্যবস্থা করে দিলেন।</p>\r\n\r\n<p>&nbsp;</p>\r\n\r\n<p>উদ্দীপকে বিশ্বগ্রামের কোন উপাদানের ইঙ্গিত দেয়া হয়েছে?</p>\r\n', '[\"<p>শিক্ষা</p>\\r\\n\",\"<p>যোগাযোগ</p>\\r\\n\",\"<p>চিকিৎসা</p>\\r\\n\",\"<p>অফিস</p>\\r\\n\"]', '2', '8', '2016', 2),
(338, 2, 3, 24, '<p>শুভ সাহেব এর ছোট ভাই নীল ইউএন মিশনে গেলেন। একদিন একটি প্রযুক্তি ব্যবহার করে শুভ তার অসুস্থ মা এর সাথে নীলের কথা বলার ভান করলেন। আরেকদিন তিনি দ্বিতীয় আরেকটি প্রযুক্তি ব্যবহার করে নীলের সাথে মায়ের কথা ও দেখা ব্যবস্থা করে দিলেন।</p>\r\n\r\n<p>&nbsp;</p>\r\n\r\n<p>উদ্দীপকে নীলের ব্যবহৃত প্রযুক্তিতে -&nbsp;&nbsp;<br />\r\n&nbsp;&nbsp; &nbsp;i.&nbsp;&nbsp; &nbsp;বিশেষ সফটওয়ার প্রয়োজন<br />\r\n&nbsp;&nbsp; &nbsp;ii.&nbsp;&nbsp; &nbsp;টেলিমেডিসিন সেবা পাওয়া যাবে<br />\r\n&nbsp;&nbsp; &nbsp;iii.&nbsp;&nbsp; &nbsp;বাসস্থানের নিরাপত্তা নিশ্চিত করবে<br />\r\n&nbsp;&nbsp; &nbsp;নিচের কোনটি সঠিক?</p>\r\n', '[\"<p>i ও ii</p>\\r\\n\",\"<p>i ও iii</p>\\r\\n\",\"<p>ii ও iii</p>\\r\\n\",\"<p>i, ii ও iii</p>\\r\\n\"]', '1', '8', '2016', 2),
(339, 2, 3, 24, '<p>নিচের উদ্দীপকটি পড় এবং 24 ও 25 নং প্রশ্নের উত্তর দাও:<br />\r\n&nbsp;&nbsp; &nbsp;সমগ্র পৃথিবী এখন একটি গ্রামে পরিণত হয়েছে। এখন বিভিন্ন দেশের মানুষ খুব সহজেই একজন অন্য জনের সুখ দুঃখে পাশাপাশি ও প্রতিবেশীর মত ভাব বিনিময় করছে।<br />\r\n&nbsp;উদ্দীপকে কোন বিষয় সম্পর্কে বলা হয়েছে ?&nbsp;</p>\r\n', '[\"<p>বিশ্বগ্রাম</p>\\r\\n\",\"<p>ভার্চুয়াল রিয়েলিটি</p>\\r\\n\",\"<p>ন্যানোটেকনোলজি</p>\\r\\n\",\"<p>নেটওয়ার্ক</p>\\r\\n\"]', '1', '6', '2017', 2),
(340, 2, 3, 24, '<p>&nbsp; সমগ্র পৃথিবী এখন একটি গ্রামে পরিণত হয়েছে। এখন বিভিন্ন দেশের মানুষ খুব সহজেই একজন অন্য জনের সুখ দুঃখে পাশাপাশি ও প্রতিবেশীর মত ভাব বিনিময় করছে।</p>\r\n\r\n<p>&nbsp;</p>\r\n\r\n<p>উদ্দীপকে যে বিষয়ে বলা হয়েছে তা সম্ভব হচ্ছে কিসের কল্যাণে?<br />\r\n&nbsp;&nbsp; &nbsp;i. সংবাদ পত্রের &nbsp;&nbsp;ii. তথ্য প্রযুক্তির&nbsp;&nbsp; &nbsp;<br />\r\n&nbsp;&nbsp; &nbsp;iii. ইন্টারনেট প্রযুক্তির<br />\r\n&nbsp;&nbsp; &nbsp;নিচের কোনটি সঠিক?</p>\r\n', '[\"<p>i ও ii</p>\\r\\n\",\"<p>i ও iii</p>\\r\\n\",\"<p>ii ও iii</p>\\r\\n\",\"<p>i, ii ও iii</p>\\r\\n\"]', '3', '6', '2017', 2),
(341, 2, 3, 24, '<p>বাস্তব নয়, কিন্তু বাস্তবের চেতনা উদ্রেককারী বিজ্ঞাননির্ভর কল্পনাকে কী বলে?</p>\r\n', '[\"<p>ভার্চুয়াল রিয়েলিটি</p>\\r\\n\",\"<p>ভার্চুয়াল ফাংশন</p>\\r\\n\",\"<p>ভার্চুয়াল পাস্ট</p>\\r\\n\",\"<p>ভার্চুয়ালিটি</p>\\r\\n\"]', '1', NULL, '', 2),
(342, 2, 3, 24, '<p>কোন তত্ত্বের উপর ভার্চুয়াল রিয়েলিটি প্রতিষ্ঠিত?</p>\r\n', '[\"<p>সিমুলেশন তত্ত্ব</p>\\r\\n\",\"<p>মরগানতত্ত্ব</p>\\r\\n\",\"<p>কম্পিউটারতত্ত্ব</p>\\r\\n\",\"<p>ভার্চুয়াল তত্ত্ব</p>\\r\\n\"]', '1', NULL, '', 2),
(343, 2, 3, 24, '<p>ভার্চুয়াল রিয়েলিটির বৈশিষ্ট্য কোনটি?</p>\r\n', '[\"<p>তথ্য আদান-প্রদান&nbsp;</p>\\r\\n\",\"<p>বাস্তব জগতে বিচরণ</p>\\r\\n\",\"<p>দ্বিমাত্রিক জগতে প্রবেশ</p>\\r\\n\",\"<p>কাল্পনিক জগতে বিচরণ</p>\\r\\n\"]', '4', '13', '2016', 2),
(344, 2, 3, 24, '<p>ভার্চুয়াল রিয়েলিটির জন্য হাতে যে জিনিসটি পরতে হয় তা হলো -</p>\r\n', '[\"<p>HMD</p>\\r\\n\",\"<p>Data Glove</p>\\r\\n\",\"<p>Body Suit</p>\\r\\n\",\"<p>Head Set</p>\\r\\n\"]', '2', NULL, '', 2),
(345, 2, 3, 24, '<p>সাধারণভাবে ভার্চুয়াল রিয়েলিটির পরিবেশ হলো -</p>\r\n', '[\"<p>একমাত্রিক</p>\\r\\n\",\"<p>দ্বি-মাত্রিক</p>\\r\\n\",\"<p>ত্রি-মাত্রিক</p>\\r\\n\",\"<p>চতুর্মাত্রিক</p>\\r\\n\"]', '3', '5,6', '2016', 2),
(346, 2, 3, 24, '<p>কম্পিউটার সিমুলেশন প্রয়োগের ক্ষেত্র কোনটি?</p>\r\n', '[\"<p>ক্রায়োসার্জারি</p>\\r\\n\",\"<p>ভার্চুয়াল রিয়েলিটি</p>\\r\\n\",\"<p>ইন্টারনেট</p>\\r\\n\",\"<p>ভিডিও কনফারেন্সিং</p>\\r\\n\"]', '2', '7', '2017', 2),
(347, 2, 3, 24, '<p>কোনটি ভার্চুয়াল রিয়েলিটিতে ব্যবহৃত হয়?</p>\r\n', '[\"<p>ত্রিমাত্রিক সিমুলেশন</p>\\r\\n\",\"<p>দ্বিমাত্রিক সিমুলেশন</p>\\r\\n\",\"<p>হ্যান্ড জিওমেট্রি</p>\\r\\n\",\"<p>বায়োলজিক্যাল ডেটা</p>\\r\\n\"]', '1', '9', '2017', 2),
(348, 2, 3, 24, '<p>সিমুলেশনে যখন কোনো কিছুর শারীরিক উপস্থিতির আবহ প্রদান করা হয় তখন তাকে কী বলে?</p>\r\n', '[\"<p>ভার্চুয়াল ভিলেজ</p>\\r\\n\",\"<p>ভার্চুয়াল হাউজ</p>\\r\\n\",\"<p>ভার্চুয়াল সোসাইটি</p>\\r\\n\",\"<p>ভার্চুয়াল রিয়েলিটি</p>\\r\\n\"]', '4', NULL, '', 2),
(349, 2, 3, 24, '<p>নিচের কোনটি ভার্চুয়াল রিয়েলিটি তৈরি করে?</p>\r\n', '[\"<p>বাস্তবভাবে কৃত্রিম জগৎ&nbsp;</p>\\r\\n\",\"<p>কৃত্রিমভাবে বাস্তব জগৎ</p>\\r\\n\",\"<p>বাস্তবভাবে কাল্পনিক জগৎ</p>\\r\\n\",\"<p>কাল্পনিকভাবে কৃত্রিম জগৎ</p>\\r\\n\"]', '2', NULL, '', 2),
(350, 2, 3, 24, '<p>ভার্চুয়াল রিয়েলিটিতে ছবিগুলোকে জীবন্ত দেখানোর জন্য কোন প্রযুক্তি ব্যবহার করা হয়?</p>\r\n', '[\"<p>ত্রিমাত্রিক</p>\\r\\n\",\"<p>দ্বিমাত্রিক</p>\\r\\n\",\"<p>একমাত্রিক</p>\\r\\n\",\"<p>চতুর্মাত্রিক</p>\\r\\n\"]', '1', NULL, '', 2),
(351, 2, 3, 24, '<p>ভার্চুয়াল রিয়েলিটির সাহায্যে সামরিক প্রশিক্ষণের সময় -</p>\r\n', '[\"<p>প্রাণহানির আশঙ্কা কমে যায়</p>\\r\\n\",\"<p>প্রাণহানির কোনো আশঙ্কা থাকে না</p>\\r\\n\",\"<p>প্রাণহানির আশঙ্কা বৃদ্ধি পায়</p>\\r\\n\",\"<p>প্রাণহানি হওয়া-না হওয়ার আশঙ্কা সমান</p>\\r\\n\"]', '2', NULL, '', 2),
(352, 2, 3, 24, '<p>বিশেষ হেলমেট, বিশেষ গ্লোভস ও পায়ে বিশেষ যন্ত্রপাতিসম্পন্ন জুতো পরতে হয়-<br />\r\n&nbsp;&nbsp; &nbsp;i. ভার্চুয়াল রিয়েলিটি নিয়ন্ত্রিত পরিবেশ উপলব্ধি করতে<br />\r\n&nbsp;&nbsp; &nbsp;ii. ভার্চুয়াল রিয়েলিটির অনুভূতি রপ্ত করতে<br />\r\n&nbsp;&nbsp; &nbsp;iii. ভার্চুয়াল রিয়েলিটির ঝুঁকি হতে মুক্ত থাকতে&nbsp;<br />\r\n&nbsp;&nbsp; &nbsp;নিচের কোনটি সঠিক?</p>\r\n', '[\"<p>i</p>\\r\\n\",\"<p>iii</p>\\r\\n\",\"<p>i ও ii</p>\\r\\n\",\"<p>i ও iii</p>\\r\\n\"]', '3', NULL, '', 2),
(353, 2, 3, 24, '<p>উদ্দীপকটি পড়ে 24 ও 25 নং প্রশ্নের উত্তর দাও:<br />\r\n&nbsp;&nbsp; &nbsp;সোনার বাংলা নামক প্রতিষ্ঠানটি দীর্ঘ ১৫ বছর যাবত গবেষণা করে একটি নতুন জাতের ধানের উদ্ভাবন করেছে যা বন্যার পানিতে ডুবে থাকার পরও নষ্ট হয় না। বর্তমানে প্রতিষ্ঠানটি গবেষণা সংক্রান্ত তাদের যাবতীয় ডেটা অন্যান্য প্রতিষ্ঠানের সাথে বিনিময় করছে। প্রতিষ্ঠাটি নিজেদের অভ্যন্তরীণ নিরাপত্তা ও কর্মী ব্যবস্থাপনায় অত্যাধুনিক প্রযুক্তি ব্যবহার করছে।</p>\r\n\r\n<p>&nbsp;</p>\r\n\r\n<p>উদ্দীপকে উল্লিখিত প্রযুক্তি হচ্ছে&mdash;&nbsp; &nbsp;<br />\r\n&nbsp;&nbsp; &nbsp;i. &nbsp;&nbsp; &nbsp;জেনেটিক ইঞ্জিনিয়ারিং&nbsp;&nbsp; &nbsp;ii.&nbsp;&nbsp; &nbsp;বায়োমেট্রিক্স<br />\r\n&nbsp;&nbsp; iii.&nbsp;&nbsp; &nbsp;বায়োইনফরমেট্রিক্স<br />\r\n&nbsp;&nbsp; &nbsp;নিচের কোনটি সঠিক?</p>\r\n', '[\"<p>i ও ii</p>\\r\\n\",\"<p>i ও iii</p>\\r\\n\",\"<p>ii ও iii</p>\\r\\n\",\"<p>i, ii ও iii</p>\\r\\n\"]', '2', '4', '2016', 2),
(354, 2, 3, 24, '<p>&nbsp; &nbsp;সোনার বাংলা নামক প্রতিষ্ঠানটি দীর্ঘ ১৫ বছর যাবত গবেষণা করে একটি নতুন জাতের ধানের উদ্ভাবন করেছে যা বন্যার পানিতে ডুবে থাকার পরও নষ্ট হয় না। বর্তমানে প্রতিষ্ঠানটি গবেষণা সংক্রান্ত তাদের যাবতীয় ডেটা অন্যান্য প্রতিষ্ঠানের সাথে বিনিময় করছে। প্রতিষ্ঠাটি নিজেদের অভ্যন্তরীণ নিরাপত্তা ও কর্মী ব্যবস্থাপনায় অত্যাধুনিক প্রযুক্তি ব্যবহার করছে।</p>\r\n\r\n<p>&nbsp;</p>\r\n\r\n<p>উদ্দীপকে প্রতিষ্ঠানটির বিদ্যমান ব্যবস্থায় -&nbsp;<br />\r\n&nbsp;&nbsp; &nbsp;i. নতুন গবেষণার ক্ষেত্র তৈরি হবে<br />\r\n&nbsp;&nbsp; ii. জীববৈচিত্র্য সৃষ্টির পথ সুগম করবে<br />\r\n&nbsp;&nbsp; &nbsp;iii.তথ্য প্রযুক্তির নৈতিকতা বিঘ্নিত হবে<br />\r\n&nbsp;&nbsp; &nbsp;নিচের কোনটি সঠিক?</p>\r\n', '[\"<p>i ও ii&nbsp;</p>\\r\\n\",\"<p>i ও iii</p>\\r\\n\",\"<p>ii ও iii</p>\\r\\n\",\"<p>i, ii ও iii</p>\\r\\n\"]', '1', '4', '2016', 2),
(355, 2, 3, 24, '<p>কৃত্রিম উপায়ে মানুষের চিন্তা-ভাবনাগুলো কম্পিউটারের মধ্যে রূপ দেয়াকে কী বলে?</p>\r\n', '[\"<p>কৃত্রিম ভাবনা</p>\\r\\n\",\"<p>কৃত্রিম বুদ্ধিমত্তা</p>\\r\\n\",\"<p>কৃত্রিম প্রোগ্রাম</p>\\r\\n\",\"<p>কৃত্রিম তথ্য</p>\\r\\n\"]', '2', NULL, '', 2),
(356, 2, 3, 24, '<p>কৃত্রিম বুদ্ধিমত্তা সংযোজন করা হয়েছে কোন প্রজন্মের কম্পিউটারে?</p>\r\n', '[\"<p>পঞ্চম</p>\\r\\n\",\"<p>চতুর্থ</p>\\r\\n\",\"<p>তৃতীয়</p>\\r\\n\",\"<p>ষষ্ঠ</p>\\r\\n\"]', '1', NULL, '', 2),
(357, 2, 3, 24, '<p>কৃত্রিম বুদ্ধিমত্তা প্রধানত কোথায় ব্যবহৃত হয়?&nbsp;</p>\r\n', '[\"<p>বায়োমেট্রিক্স</p>\\r\\n\",\"<p>বায়োইনফরমেটিক্স</p>\\r\\n\",\"<p>রোবোটিক্স</p>\\r\\n\",\"<p>ন্যানো টেকনোলজি</p>\\r\\n\"]', '3', '10', '2016', 2),
(358, 2, 3, 24, '<p>&lsquo;আর্টিফিশিয়াল ইন্টিলিজেন্স&rsquo; শব্দটির সাথে সর্বপ্রথম সকলকে পরিচয় করিয়ে দেন কে?</p>\r\n', '[\"<p>Jack Williamson</p>\\r\\n\",\"<p>Marshall Mcluhan</p>\\r\\n\",\"<p>John McCarthy</p>\\r\\n\",\"<p>Karel Capek</p>\\r\\n\"]', '3', NULL, '', 2),
(359, 2, 3, 24, '<p>এক্সপার্ট সিস্টেম কী?</p>\r\n', '[\"<p>অ্যাপ্লিকেশন</p>\\r\\n\",\"<p>যন্ত্র</p>\\r\\n\",\"<p>রোবোট</p>\\r\\n\",\"<p>নিউরাল নেটওয়ার্ক</p>\\r\\n\"]', '1', NULL, '', 2),
(360, 2, 3, 24, '<p>নিচের কোনটি কম্পিউটারের নেই?</p>\r\n', '[\"<p>নিজস্ব বুদ্ধি</p>\\r\\n\",\"<p>তথ্য সম্ভার</p>\\r\\n\",\"<p>সফটওয়্যার</p>\\r\\n\",\"<p>কী-বোর্ড</p>\\r\\n\"]', '1', NULL, '', 2),
(361, 2, 3, 24, '<p>আর্টিফিসিয়াল ইন্টিলিজেন্স পদ্ধতির প্রয়োগ রয়েছে-<br />\r\n&nbsp; &nbsp; i. সূত্রের প্রতিপাদন ও সমস্যা সমাধানে<br />\r\n&nbsp;&nbsp; &nbsp;ii. জ্ঞানের উপস্থাপনে<br />\r\n&nbsp;&nbsp; &nbsp;iii. মনুষ্য অনুভূতি সৃষ্টিতে<br />\r\n&nbsp;&nbsp; &nbsp;নিচের কোনটি সঠিক? &nbsp;</p>\r\n', '[\"<p>i ও ii</p>\\r\\n\",\"<p>i ও iii</p>\\r\\n\",\"<p>ii ও iii</p>\\r\\n\",\"<p>i, ii ও iii</p>\\r\\n\"]', '4', NULL, '', 2),
(362, 2, 3, 24, '<p>কৃত্রিম বুদ্ধিমত্তা ব্যবহারের প্রধান ক্ষেত্র -<br />\r\n&nbsp;&nbsp; i. ন্যাচারাল ইন্টারফেস&nbsp;&nbsp; &nbsp;ii. বুদ্ধিবৃত্তিক বিজ্ঞান<br />\r\n&nbsp;&nbsp; iii. ক্রায়োসার্জারি<br />\r\n&nbsp;&nbsp; &nbsp;নিচের কোনটি সঠিক? &nbsp;</p>\r\n', '[\"<p>i ও ii</p>\\r\\n\",\"<p>i ও iii</p>\\r\\n\",\"<p>ii ও iii</p>\\r\\n\",\"<p>i, ii ও iii</p>\\r\\n\"]', '1', NULL, '', 2),
(363, 2, 3, 24, '<p>কৃত্রিম বুদ্ধিমত্তা সৃষ্টিতে কম্পিউটারে ব্যবহৃত হয় -<br />\r\n&nbsp;&nbsp; &nbsp;i. ইলেকট্রনিক চিপ&nbsp;&nbsp; &nbsp;<br />\r\n&nbsp;&nbsp; &nbsp;ii. উচ্চক্ষমতাসম্পন্ন মাইক্রোপ্রসেসর&nbsp;&nbsp; &nbsp;<br />\r\n&nbsp;&nbsp; &nbsp;iii. রাউটার<br />\r\n&nbsp;&nbsp; &nbsp;নিচের কোনটি সঠিক? &nbsp;</p>\r\n', '[\"<p>iii</p>\\r\\n\",\"<p>i ও ii</p>\\r\\n\",\"<p>i ও iii</p>\\r\\n\",\"<p>ii ও iii</p>\\r\\n\"]', '2', NULL, '', 2),
(364, 2, 3, 24, '<p>রোবোটিক্স কী?</p>\r\n', '[\"<p>রোবোট বিজ্ঞান</p>\\r\\n\",\"<p>রোবোটের ক্রিয়ানীতি</p>\\r\\n\",\"<p>শিল্পে ব্যবহৃত রোবোট</p>\\r\\n\",\"<p>রোবোট তৈরিতে ব্যবহৃত ভাষা</p>\\r\\n\"]', '1', '5', '2016', 2),
(365, 2, 3, 24, '<p>নিচের কোনটি রোবোট শব্দের অর্থ প্রকাশ করে?</p>\r\n', '[\"<p>ভিনগ্রহবাসী</p>\\r\\n\",\"<p>কৃত্রিম যন্ত্র</p>\\r\\n\",\"<p>যন্ত্রমানব</p>\\r\\n\",\"<p>উন্নততর জীব</p>\\r\\n\"]', '3', NULL, '', 2),
(366, 2, 3, 24, '<p>নিজস্ব বুদ্ধিমত্তা নেই কোনটির?</p>\r\n', '[\"<p>ভাইরাস</p>\\r\\n\",\"<p>পিঁপড়া</p>\\r\\n\",\"<p>রোবোট</p>\\r\\n\",\"<p>মানুষ</p>\\r\\n\"]', '3', NULL, '', 2),
(367, 2, 3, 24, '<p>অ্যাকচুয়েটর ব্যবহার করা হয় কোন ক্ষেত্রে -</p>\r\n', '[\"<p>রোবোটিক্স</p>\\r\\n\",\"<p>বায়োমেট্রিক্স</p>\\r\\n\",\"<p>ভার্চুয়াল রিয়েলিটি</p>\\r\\n\",\"<p>বায়োইনফরমেটিক্স</p>\\r\\n\"]', '1', '13', '2016', 2),
(368, 2, 3, 24, '<p>কোনটি রোবোটের ব্যবহার?</p>\r\n', '[\"<p>জটিল সার্জারি চিকিৎসায়</p>\\r\\n\",\"<p>ব্যক্তির স্বাক্ষর শনাক্তকরণে</p>\\r\\n\",\"<p>নতুন জাতের বীজ উৎপাদনে</p>\\r\\n\",\"<p>টেনিস বলের আকৃতি তৈরিতে</p>\\r\\n\"]', '1', '8', '2016', 2),
(369, 2, 3, 24, '<p>রোবোটিক্স-এ সাধারণ বিষয়গুলো কোনটি?</p>\r\n', '[\"<p>কৃত্রিম বুদ্ধিমত্তা, ইঞ্জিনিয়ারিং, মনোবিদ্যা</p>\\r\\n\",\"<p>কৃত্রিম বুদ্ধিমত্তা</p>\\r\\n\",\"<p>ইঞ্জিনিয়ারিং</p>\\r\\n\",\"<p>মনোবিদ্যা</p>\\r\\n\"]', '1', NULL, '', 2),
(370, 2, 3, 24, '<p>রোবোট শব্দটি মূলতঃ কোন ভাষা থেকে এসেছে?</p>\r\n', '[\"<p>স্প্যানিশ</p>\\r\\n\",\"<p>গ্রিক</p>\\r\\n\",\"<p>স্লাভিক</p>\\r\\n\",\"<p>ল্যাটিন</p>\\r\\n\"]', '3', NULL, '', 2),
(371, 2, 3, 24, '<p>কোন সায়েন্স ফিকশন রাইটার সর্বপ্রথম রোবোটিক্স শব্দটি ব্যবহার করেন?</p>\r\n', '[\"<p>কারেল কাপেক</p>\\r\\n\",\"<p>আইজ্যাক অসিমভ</p>\\r\\n\",\"<p>জ্যাক উইলিয়ামসন</p>\\r\\n\",\"<p>জুলেভার্ন&nbsp;&nbsp;</p>\\r\\n\"]', '2', NULL, '', 2),
(372, 2, 3, 24, '<p>মানুষের দুঃসাধ্য কাজের প্রযুক্তি কোনটি?</p>\r\n', '[\"<p>রোবোটিক্স</p>\\r\\n\",\"<p>ভার্চুয়াল রিয়েলিটি</p>\\r\\n\",\"<p>ন্যানোটেকনোলজি</p>\\r\\n\",\"<p>কৃত্রিম বুদ্ধিমত্তা</p>\\r\\n\"]', '1', '4', '2017', 2),
(373, 2, 3, 24, '<p>কোন পদ্ধতিতে Actuator ব্যবহৃত হয়?</p>\r\n', '[\"<p>জেনেটিক ইঞ্জিনিয়ারিং</p>\\r\\n\",\"<p>ন্যানো টেকনোলজি</p>\\r\\n\",\"<p>রোবোটিক্স</p>\\r\\n\",\"<p>বায়োইনফরমেটিক্স</p>\\r\\n\"]', '3', '7', '2017', 2),
(374, 2, 3, 24, '<p>রোবোট তৈরি-<br />\r\n&nbsp;&nbsp; &nbsp;i. ব্যয়বহুল&nbsp;&nbsp; &nbsp;ii. কষ্টসাধ্য&nbsp;&nbsp;&nbsp;iii. সহজ<br />\r\n&nbsp;&nbsp; &nbsp;নিচের কোনটি সঠিক? &nbsp;</p>\r\n', '[\"<p>i ও ii</p>\\r\\n\",\"<p>i ও iii</p>\\r\\n\",\"<p>ii ও iii</p>\\r\\n\",\"<p>i, ii ও iii</p>\\r\\n\"]', '1', NULL, '', 2),
(375, 2, 3, 24, '<p>রোবোটিক্স-এর ক্ষেত্রে প্রযোজ্য -&nbsp; &nbsp;<br />\r\n&nbsp;&nbsp; &nbsp;i. হার্ডওয়্যার &nbsp;&nbsp; &nbsp;<br />\r\n&nbsp;&nbsp; &nbsp;ii. আর্টিফিসিয়াল ইন্টিলিজেন্স<br />\r\n&nbsp;&nbsp; &nbsp;iii. নতুন গবেষণা পরিচালনা&nbsp;<br />\r\n&nbsp;&nbsp; &nbsp;নিচের কোনটি সঠিক?</p>\r\n', '[\"<p>i ও ii</p>\\r\\n\",\"<p>i ও iii</p>\\r\\n\",\"<p>ii ও iii</p>\\r\\n\",\"<p>i, ii ও iii</p>\\r\\n\"]', '1', '6', '2016', 2),
(376, 2, 3, 24, '<p>রোবোটের বৈশিষ্ট্য -<br />\r\n&nbsp;&nbsp; &nbsp;i. এটি নিখুঁত কর্মক্ষম&nbsp;&nbsp; &nbsp;ii. এটি ক্লান্তিহীন<br />\r\n&nbsp;&nbsp; &nbsp;iii. এটি ধীরগতিসম্পন্ন<br />\r\n&nbsp;&nbsp; &nbsp;নিচের কোনটি সঠিক? &nbsp;</p>\r\n', '[\"<p>i ও ii</p>\\r\\n\",\"<p>i ও iii</p>\\r\\n\",\"<p>ii ও iii</p>\\r\\n\",\"<p>i, ii ও iii</p>\\r\\n\"]', '1', NULL, '', 2),
(377, 2, 3, 24, '<p>কম্পিউটার নিয়ন্ত্রিত রোবোটের সাহায্যে বড় বড় কারখানায় করা হয়-<br />\r\n&nbsp;&nbsp; &nbsp;i. পরিশ্রমসাধ্য কাজ&nbsp;&nbsp; &nbsp;ii. সহজ কাজ<br />\r\n&nbsp;&nbsp; &nbsp;iii. বিপজ্জনক কাজ<br />\r\n&nbsp;&nbsp; &nbsp;নিচের কোনটি সঠিক? &nbsp;</p>\r\n', '[\"<p>i ও ii</p>\\r\\n\",\"<p>i ও iii</p>\\r\\n\",\"<p>ii ও iii</p>\\r\\n\",\"<p>i, ii ও iii</p>\\r\\n\"]', '2', NULL, '', 2),
(378, 2, 3, 24, '<p>রোবোট ব্যবহৃত হয় যে সব কাজে -<br />\r\n&nbsp;&nbsp; &nbsp;i.&nbsp;&nbsp; &nbsp;কলকারখানার জিনিসপত্র পরিবহনে<br />\r\n&nbsp;&nbsp; &nbsp;ii.&nbsp;&nbsp; &nbsp;যন্ত্রাংশ সংযোজনে<br />\r\n&nbsp;&nbsp; &nbsp;iii.&nbsp;&nbsp; &nbsp;যুদ্ধযানে ড্রাইভারের বিকল্প হিসেবে<br />\r\n&nbsp;&nbsp; &nbsp;নিচের কোনটি সঠিক? &nbsp;</p>\r\n', '[\"<p>i ও ii</p>\\r\\n\",\"<p>i ও iii</p>\\r\\n\",\"<p>ii ও iii</p>\\r\\n\",\"<p>i, ii ও iii</p>\\r\\n\"]', '4', NULL, '', 2),
(379, 2, 3, 24, '<p>রোবোট ব্যবহৃত হয় -<br />\r\n&nbsp;&nbsp; &nbsp;i.&nbsp;&nbsp; &nbsp;বাসাবাড়িতে গৃহস্থালি কাজে&nbsp;&nbsp; &nbsp;ii. &nbsp;&nbsp; &nbsp;পরিকল্পনা প্রণয়নে<br />\r\n&nbsp;&nbsp; &nbsp;iii. &nbsp;&nbsp; &nbsp;খনির অভ্যন্তরীণ কাজে<br />\r\n&nbsp;&nbsp; &nbsp;নিচের কোনটি সঠিক?</p>\r\n', '[\"<p>i ও ii</p>\\r\\n\",\"<p>i ও iii</p>\\r\\n\",\"<p>ii ও iii</p>\\r\\n\",\"<p>i, ii ও iii</p>\\r\\n\"]', '2', '8', '2017', 2),
(380, 2, 3, 24, '<p>সামরিক ক্ষেত্রে রোবোট ব্যবহৃত হয়-<br />\r\n&nbsp;&nbsp; &nbsp;i.&nbsp;&nbsp; &nbsp;স্থল মাইন অপসারণ করতে<br />\r\n&nbsp;&nbsp; &nbsp;ii.&nbsp;&nbsp; &nbsp;গোপন নজরদারি করতে<br />\r\n&nbsp;&nbsp; &nbsp;iii.&nbsp;&nbsp; &nbsp;যুদ্ধযানে ড্রাইভারের বিকল্প হিসেবে<br />\r\n&nbsp;&nbsp; &nbsp;নিচের কোনটি সঠিক? &nbsp;</p>\r\n', '[\"<p>i ও ii</p>\\r\\n\",\"<p>i ও iii</p>\\r\\n\",\"<p>ii ও iii</p>\\r\\n\",\"<p>i, ii ও iii</p>\\r\\n\"]', '4', NULL, '', 2),
(381, 2, 3, 24, '<p>সম্প্রতি ইসলামি বিশ্ববিদ্যালয়ের কম্পিউটার বিজ্ঞানের ছাত্র শামীম দীর্ঘদিন গবেষণা করে এমন একটি যন্ত্র নির্মাণ করেন যেটি উঁচু-নিচু জায়গায় চলাচল করতে এবং ভিডিও করে পাঠাতে পারে। শামীম যন্ত্রটিকে কোন প্রযুক্তি ব্যবহার করে তৈরি করেন?</p>\r\n', '[\"<p>রোবোটিক্স</p>\\r\\n\",\"<p>জেনেটিক ইঞ্জিনিয়ারিং</p>\\r\\n\",\"<p>ন্যানো টেকনোলজি</p>\\r\\n\",\"<p>বায়োমেট্রিক্স</p>\\r\\n\"]', '1', '13', '2016', 2),
(382, 2, 3, 24, '<p>সম্প্রতি ইসলামি বিশ্ববিদ্যালয়ের কম্পিউটার বিজ্ঞানের ছাত্র শামীম দীর্ঘদিন গবেষণা করে এমন একটি যন্ত্র নির্মাণ করেন যেটি উঁচু-নিচু জায়গায় চলাচল করতে এবং ভিডিও করে পাঠাতে পারে।শামীমের যন্ত্রটি ব্যবহার করা যায়-<br />\r\n&nbsp;&nbsp; &nbsp;i.&nbsp; শিল্প কারখানায়&nbsp;&nbsp; &nbsp;ii. চিকিৎসা ক্ষেত্রে<br />\r\n&nbsp;&nbsp; &nbsp;iii. গৃহ ব্যবস্থাপনায়<br />\r\n&nbsp;&nbsp; &nbsp;নিচের কোনটি সঠিক?</p>\r\n', '[\"<p>i ও ii</p>\\r\\n\",\"<p>i ও iii</p>\\r\\n\",\"<p>ii ও iii</p>\\r\\n\",\"<p>i, ii ও iii</p>\\r\\n\"]', '4', '13', '2016', 2);

-- --------------------------------------------------------

--
-- Table structure for table `q_others`
--

CREATE TABLE `q_others` (
  `id` int(11) NOT NULL,
  `class_id` int(11) DEFAULT NULL,
  `subject_id` int(11) DEFAULT NULL,
  `chapter_id` int(11) DEFAULT NULL,
  `question_text` text NOT NULL,
  `question_answer` text NOT NULL,
  `filter` varchar(300) DEFAULT NULL,
  `year` varchar(4) DEFAULT NULL,
  `fk_author` int(11) DEFAULT NULL
) ENGINE=InnoDB DEFAULT CHARSET=utf8mb4 COLLATE=utf8mb4_general_ci;

--
-- Dumping data for table `q_others`
--

INSERT INTO `q_others` (`id`, `class_id`, `subject_id`, `chapter_id`, `question_text`, `question_answer`, `filter`, `year`, `fk_author`) VALUES
(16, 2, 3, 24, '<p>a</p>\r\n', '<p>a</p>\r\n', '8,11,1', '2017', 2);

-- --------------------------------------------------------

--
-- Table structure for table `q_set`
--

CREATE TABLE `q_set` (
  `id` int(11) NOT NULL,
  `name` varchar(150) NOT NULL,
  `class_id` int(11) NOT NULL,
  `subject` varchar(50) NOT NULL,
  `formate` varchar(50) NOT NULL,
  `total_mark` int(11) NOT NULL,
  `total_qus` int(4) NOT NULL,
  `questions` varchar(300) DEFAULT NULL,
  `answers` varchar(300) DEFAULT NULL,
  `school_id` int(11) NOT NULL,
  `created_at` timestamp NOT NULL DEFAULT current_timestamp(),
  `updated_at` timestamp NOT NULL DEFAULT current_timestamp() ON UPDATE current_timestamp()
) ENGINE=InnoDB DEFAULT CHARSET=utf8mb4 COLLATE=utf8mb4_general_ci;

--
-- Dumping data for table `q_set`
--

INSERT INTO `q_set` (`id`, `name`, `class_id`, `subject`, `formate`, `total_mark`, `total_qus`, `questions`, `answers`, `school_id`, `created_at`, `updated_at`) VALUES
(67, 'এইচএসসি আইসিটি', 2, '3', 'mcq', 25, 25, '298,299,300,301,302,303,304,305,306,307,308,309,310,311,312,313,314,315,316,317,318,319,320,321,322', '4,1,1,1,2,3,1,1,1,1,4,3,1,2,3,4,3,1,4,2,1,1,2,1,3', 1, '2023-06-06 03:49:55', '2023-06-06 03:50:29'),
(68, 'নির্বাচনী পরীক্ষা -২০২৩', 2, '3', 'mcq', 25, 25, '326,327,298,299,300,301,302,303,304,305,307,306,308,309,310,311,319,320,321,322,312,313,314,315,316', '1,2,4,1,1,1,2,3,1,1,1,1,4,3,1,2,1,2,1,3,3,4,3,1,4', 1, '2023-06-06 03:52:34', '2023-06-06 03:53:54'),
(69, 'মডেল টেস্ট পরীক্ষা-২০২৩(১ম অধ্যায়)', 2, '3', 'mcq', 25, 25, '379,376,373,372,371,370,369,368,367,366,365,364,360,359,358,357,356,355,351,349,348,347,346,345,344', '2,1,3,1,2,3,1,1,1,3,3,1,1,1,3,3,1,2,2,2,4,1,2,3,2', 1, '2023-06-07 03:51:36', '2023-06-07 03:53:17');

-- --------------------------------------------------------

--
-- Table structure for table `schools`
--

CREATE TABLE `schools` (
  `id` int(11) NOT NULL,
  `userType` enum('admin') DEFAULT NULL,
  `school_name` varchar(250) NOT NULL,
  `school_address` varchar(500) DEFAULT NULL,
  `school_email` varchar(100) DEFAULT NULL,
  `school_phone` varchar(15) NOT NULL,
  `school_info` varchar(500) DEFAULT NULL,
  `admin_name` varchar(30) NOT NULL,
  `admin_blood_group` varchar(5) DEFAULT NULL,
  `admin_address` varchar(500) DEFAULT NULL,
  `admin_phone` varchar(15) NOT NULL,
  `admin_email` varchar(100) NOT NULL,
  `admin_password` varchar(250) NOT NULL,
  `admin_avater` varchar(250) DEFAULT '/uploades/school/admin_avater.png',
  `status` int(1) DEFAULT 0,
  `package` int(2) DEFAULT NULL,
  `validity` date DEFAULT NULL,
  `createdAt` timestamp(6) NOT NULL DEFAULT current_timestamp(6)
) ENGINE=InnoDB DEFAULT CHARSET=utf8mb4 COLLATE=utf8mb4_general_ci;

--
-- Dumping data for table `schools`
--

INSERT INTO `schools` (`id`, `userType`, `school_name`, `school_address`, `school_email`, `school_phone`, `school_info`, `admin_name`, `admin_blood_group`, `admin_address`, `admin_phone`, `admin_email`, `admin_password`, `admin_avater`, `status`, `package`, `validity`, `createdAt`) VALUES
(1, 'admin', 'Questions Kit (Auto Question Generator)', 'Dhaka, Bangladesh', 'habibbzm2018@gmail.com', '01712128532', 'Questions Kit (Auto Question Generator) is the best & first software for Auto Question Generator in world.', 'Questions Kit', 'A+', 'Questions Kit', '01712128532', 'habibbzm2018@gmail.com', '$2b$11$hMxHnA5ulMEMJFSnUpn6aeHAJEFaKLVgUDH10bVDvOBf52RXwW3fS', '', 1, 3, '2025-01-02', '2023-03-15 14:19:28.052897'),
(3, 'admin', 'Bogura Zilla School', 'Bogura Sadar', 'bzs@gmail.com', '017227339435', 'Test info', 'bogura admin', 'b+', 'Sonatola', '017272278355', 'boguraadmin@gmail.com', '$2b$11$GXOU60o9gOTiEe0pkjAR9.vKrcRzvagio0ZmYz1tPDHpt4CwiaM4G', 'soikat.jpg', 0, NULL, NULL, '2023-03-29 23:59:36.731147'),
(4, '', 'SHS', 'admin', 'scc@gmaol.com', 'ash', 'asdh', 'asdh', 'asdh', 'asdh', 'asdh', 'asdh@sdhf', '$2b$11$s3X0LFJuHoF8YdFL664IGO/NR9ffrut87W0tj80kSpBMcSdzWVVjK', '', 1, 1, NULL, '2023-04-06 19:41:50.474375'),
(5, '', 'dsfh', 'admin', 'sdfh@sdh', 'sdfh', 'sdfh', 'sdfh', '', '', 'sdfh', 'sdfh@sdhj', '$2b$11$o/9qf0AzFODTN59jPYh9GeAWLJ5FicSDHmBqan8lxpnkKi9tqUAY6', '', 0, 0, NULL, '2023-04-06 19:44:00.536125'),
(6, '', 'Test From user', 'Test From user', 'user@gmail.com', 'asdg', '', 'asdg', '', '', 'asdg', 'test@gmail.com', '$2b$11$wOL8Xgs43iR8yvTxnoOW8Oa/bG798O58bY6WJ0IBcuxjJSAxrqfQi', '', 1, 1, '2023-04-19', '2023-04-06 19:59:25.376624'),
(7, '', '4444', 'admin', '', 'asdg', '', 'asdg', '', '', 'asgd', 'sadg@sdfhg', '$2b$11$tGoN4P5WSlZqK/35R5WRaO1VIs6mC//y1fHuR3jqz/6Atc/Ua8TKi', '', 1, 2, NULL, '2023-04-06 20:05:13.610995'),
(8, 'admin', 'Edubeach ICT Heaven', 'Sadarpur, Faridpur-7820', 'habibbzm2018@gmail.com', '01712128532', 'info@edubeach.com', 'Habibur Rahman', 'A+', 'Sadarpur, Faridpur-7820', '01913865284', 'admin@edubeach.com', '$2b$11$V06PcmnY0Uo71EOSIWB2WO3iz1Zvd3gYFfNTTwe1A5RIJ/YuxSsy6', '', 1, 3, '2024-06-09', '2023-04-19 04:25:51.524643');

-- --------------------------------------------------------

--
-- Table structure for table `sessions`
--

CREATE TABLE `sessions` (
  `session_id` varchar(128) CHARACTER SET utf8mb4 COLLATE utf8mb4_bin NOT NULL,
  `expires` int(11) UNSIGNED NOT NULL,
  `data` mediumtext CHARACTER SET utf8mb4 COLLATE utf8mb4_bin DEFAULT NULL
) ENGINE=InnoDB DEFAULT CHARSET=utf8mb4 COLLATE=utf8mb4_general_ci;

--
-- Dumping data for table `sessions`
--

INSERT INTO `sessions` (`session_id`, `expires`, `data`) VALUES
('-u2bfTRvFeIVtSagIGjlroUVBP1vG5qC', 1686121202, '{\"cookie\":{\"originalMaxAge\":null,\"expires\":null,\"httpOnly\":true,\"path\":\"/\"},\"flash\":{}}'),
('30SIB-9FmDd-zi5xVlRc_W6Nmfd8YRo4', 1686110402, '{\"cookie\":{\"originalMaxAge\":null,\"expires\":null,\"httpOnly\":true,\"path\":\"/\"},\"flash\":{}}'),
('33MRgVKPDR1_0kmakuQK6eaVWDzOXdZn', 1686043803, '{\"cookie\":{\"originalMaxAge\":null,\"expires\":null,\"httpOnly\":true,\"path\":\"/\"},\"flash\":{}}'),
('3W9Srupl_D_ss1BZTYz03K1SoefPbmz3', 1686130202, '{\"cookie\":{\"originalMaxAge\":null,\"expires\":null,\"httpOnly\":true,\"path\":\"/\"},\"flash\":{}}'),
('3jNAn58XIRZoyu2fWoLamQVvEqkzOign', 1686164403, '{\"cookie\":{\"originalMaxAge\":null,\"expires\":null,\"httpOnly\":true,\"path\":\"/\"},\"flash\":{}}'),
('3lR_TYJEKIqDyFrmiq6JkfcnV1o3pZtt', 1686186003, '{\"cookie\":{\"originalMaxAge\":null,\"expires\":null,\"httpOnly\":true,\"path\":\"/\"},\"flash\":{}}'),
('3xOvv5QpSvF7yIC6NJ0mqo7u7YwMq9Ze', 1686108602, '{\"cookie\":{\"originalMaxAge\":null,\"expires\":null,\"httpOnly\":true,\"path\":\"/\"},\"flash\":{}}'),
('4QBzxwmWbFAvjcMwVSAurjrccU3EMGaj', 1686168003, '{\"cookie\":{\"originalMaxAge\":null,\"expires\":null,\"httpOnly\":true,\"path\":\"/\"},\"flash\":{}}'),
('5cZCB3JnkWvw81TWV0CY2-M1qgTjb46S', 1686092402, '{\"cookie\":{\"originalMaxAge\":null,\"expires\":null,\"httpOnly\":true,\"path\":\"/\"},\"flash\":{}}'),
('6GBCorvaqaExqW8CXAahEEEChRbPPJfP', 1686195003, '{\"cookie\":{\"originalMaxAge\":null,\"expires\":null,\"httpOnly\":true,\"path\":\"/\"},\"flash\":{}}'),
('7OfU6FoYTKxCJwjGE8U-txgutZeGVclE', 1686115802, '{\"cookie\":{\"originalMaxAge\":null,\"expires\":null,\"httpOnly\":true,\"path\":\"/\"},\"flash\":{}}'),
('7mQMq6LjosrI4f3n44LWZEARCikiJjMW', 1686162603, '{\"cookie\":{\"originalMaxAge\":null,\"expires\":null,\"httpOnly\":true,\"path\":\"/\"},\"flash\":{}}'),
('AQzefflhjx_mYRw_0vYFpOI7A95HLiUV', 1686074401, '{\"cookie\":{\"originalMaxAge\":null,\"expires\":null,\"httpOnly\":true,\"path\":\"/\"},\"flash\":{}}'),
('AerbxOi7BB0N8jP7pOehI3b7lw_ocJ54', 1686191403, '{\"cookie\":{\"originalMaxAge\":null,\"expires\":null,\"httpOnly\":true,\"path\":\"/\"},\"flash\":{}}'),
('B312tiD5QTZKweXJcp2k0vzFU7iER1tj', 1686196803, '{\"cookie\":{\"originalMaxAge\":null,\"expires\":null,\"httpOnly\":true,\"path\":\"/\"},\"flash\":{}}'),
('CGSYPZXrLhGsM50NnOCFlqX2u8OcFWUA', 1686096003, '{\"cookie\":{\"originalMaxAge\":null,\"expires\":null,\"httpOnly\":true,\"path\":\"/\"},\"flash\":{}}'),
('CIwmOk22-3KP4WqZyqrg269genjFMdGL', 1686070808, '{\"cookie\":{\"originalMaxAge\":null,\"expires\":null,\"httpOnly\":true,\"path\":\"/\"},\"flash\":{}}'),
('CTcqBN05KTkJEQ0lGiTXm9sIvpiZCq7O', 1686177003, '{\"cookie\":{\"originalMaxAge\":null,\"expires\":null,\"httpOnly\":true,\"path\":\"/\"},\"flash\":{}}'),
('CbgDhkE4qv7Vzwl7F7W7FqRnzHh6MIvD', 1686056403, '{\"cookie\":{\"originalMaxAge\":null,\"expires\":null,\"httpOnly\":true,\"path\":\"/\"},\"flash\":{}}'),
('D68TZmNaR7GY8pcpQ2IGSteF9wlHmPMO', 1686117671, '{\"cookie\":{\"originalMaxAge\":null,\"expires\":null,\"httpOnly\":true,\"path\":\"/\"},\"flash\":{}}'),
('DIWuIhUgOPg19xTqWLXCdlX4jJlsYQYs', 1686151802, '{\"cookie\":{\"originalMaxAge\":null,\"expires\":null,\"httpOnly\":true,\"path\":\"/\"},\"flash\":{}}'),
('E42bmFDiAOuhtpGspl91O65NY0YX0vZP', 1686197142, '{\"cookie\":{\"originalMaxAge\":null,\"expires\":null,\"httpOnly\":true,\"path\":\"/\"},\"flash\":{},\"isLoggedIn\":true,\"token\":\"eyJhbGciOiJIUzI1NiIsInR5cCI6IkpXVCJ9.eyJpZCI6MiwidXNlcm5hbWUiOiJIYWJpYiIsInRhYmxlIjoibW9kZXJhdG9yIiwidXNlclR5cGUiOiJtb2RlcmF0b3IiLCJpYXQiOjE2ODYxMTA3MzIsImV4cCI6MTY4NjE5NzEzMn0.Hezg3lOPB70X3l8mz7cKKixOE4KOEieSliCa2ujc2EE\",\"user\":{\"id\":2,\"userType\":\"moderator\",\"name\":\"Habibur Rahman\",\"username\":\"Habib\",\"email\":\"habibbzm2018@gmail.com\",\"phone\":\"01712128532\",\"password\":\"$2b$11$NEYI47osxplF12haums4muI4X4hb4s9pQ1kUEMcxOaAWlRKLR8Q5C\",\"avater\":\"/uploads/moderator_avater_1685594263619_K.png\"}}'),
('GBAA0wMmmtdFPaUk4n1O0MTHPB3yy3np', 1686150656, '{\"cookie\":{\"originalMaxAge\":null,\"expires\":null,\"httpOnly\":true,\"path\":\"/\"},\"flash\":{}}'),
('Gr4gPME7tuXRkqnc-sszB4WOmp9TooG-', 1686190678, '{\"cookie\":{\"originalMaxAge\":null,\"expires\":null,\"httpOnly\":true,\"path\":\"/\"},\"flash\":{}}'),
('Ha7uqg-g7-PaXFAjkZNPD4d5OubnrXUV', 1686090602, '{\"cookie\":{\"originalMaxAge\":null,\"expires\":null,\"httpOnly\":true,\"path\":\"/\"},\"flash\":{}}'),
('Hwxz-qwSYxOyFO767l1iJJ2J3tHbV6TV', 1686065403, '{\"cookie\":{\"originalMaxAge\":null,\"expires\":null,\"httpOnly\":true,\"path\":\"/\"},\"flash\":{}}'),
('I6R9K7-qRNAv_IO4nF2c_r1oHzFRge9F', 1686082296, '{\"cookie\":{\"originalMaxAge\":null,\"expires\":null,\"httpOnly\":true,\"path\":\"/\"},\"flash\":{}}'),
('ILPvBicqMcWIKxCy9RZHvVrXxowjwx96', 1686123003, '{\"cookie\":{\"originalMaxAge\":null,\"expires\":null,\"httpOnly\":true,\"path\":\"/\"},\"flash\":{}}'),
('IgwHNXI7NzLu_rXcVxxWCwEqbgcDBAnC', 1686054602, '{\"cookie\":{\"originalMaxAge\":null,\"expires\":null,\"httpOnly\":true,\"path\":\"/\"},\"flash\":{}}'),
('J9k79_spHT6ZNCgo5VtEgp8VdOJZpab3', 1686197980, '{\"cookie\":{\"originalMaxAge\":null,\"expires\":null,\"httpOnly\":true,\"path\":\"/\"},\"flash\":{}}'),
('JGyeZHUhfOs1Z09POTjYbK5y0xp_oRnp', 1686114003, '{\"cookie\":{\"originalMaxAge\":null,\"expires\":null,\"httpOnly\":true,\"path\":\"/\"},\"flash\":{}}'),
('JOrF8XQvziK8HTmSssf2K24GnDtrqJ7O', 1686052802, '{\"cookie\":{\"originalMaxAge\":null,\"expires\":null,\"httpOnly\":true,\"path\":\"/\"},\"flash\":{}}'),
('JuTdsmHimEHVfap5EE4Wkd97BX1A2Gl2', 1686112202, '{\"cookie\":{\"originalMaxAge\":null,\"expires\":null,\"httpOnly\":true,\"path\":\"/\"},\"flash\":{}}'),
('K6-u-k6pdg9SKf0D8IXtvLmVMwNuSYMz', 1686175203, '{\"cookie\":{\"originalMaxAge\":null,\"expires\":null,\"httpOnly\":true,\"path\":\"/\"},\"flash\":{}}'),
('KJxOul2uUTxsFESOoW6V32YujW6ULAq8', 1686198603, '{\"cookie\":{\"originalMaxAge\":null,\"expires\":null,\"httpOnly\":true,\"path\":\"/\"},\"flash\":{}}'),
('LPNnlIuOX4aQNmorSr7-XBxCKiyQysF5', 1686101402, '{\"cookie\":{\"originalMaxAge\":null,\"expires\":null,\"httpOnly\":true,\"path\":\"/\"},\"flash\":{}}'),
('LSlcNXg59u2TqVQFArzvATp7x6gRUqCF', 1686155407, '{\"cookie\":{\"originalMaxAge\":null,\"expires\":null,\"httpOnly\":true,\"path\":\"/\"},\"flash\":{}}'),
('LX-9zwXAqth24_pyMkR5_goblXxBZc2y', 1686094202, '{\"cookie\":{\"originalMaxAge\":null,\"expires\":null,\"httpOnly\":true,\"path\":\"/\"},\"flash\":{}}'),
('MFuTakzTb8gxWcnWo8tNyuCB6eeBZq8b', 1686173403, '{\"cookie\":{\"originalMaxAge\":null,\"expires\":null,\"httpOnly\":true,\"path\":\"/\"},\"flash\":{}}'),
('MLgeGqJJSKiZeXLWjvHurn8ZATBnmCSv', 1686180603, '{\"cookie\":{\"originalMaxAge\":null,\"expires\":null,\"httpOnly\":true,\"path\":\"/\"},\"flash\":{}}'),
('NCXs2NTO2tYnjI1R-XGyEO9p8eCt0i4a', 1686187989, '{\"cookie\":{\"originalMaxAge\":null,\"expires\":null,\"httpOnly\":true,\"path\":\"/\"},\"flash\":{}}'),
('NVjqX2A9fBwedCE7jL92ZeCt_LXIA-_0', 1686082300, '{\"cookie\":{\"originalMaxAge\":null,\"expires\":null,\"httpOnly\":true,\"path\":\"/\"},\"flash\":{}}'),
('Nc6nrVbqCpgzHIsna-OltB31BwSk7Dvc', 1686150003, '{\"cookie\":{\"originalMaxAge\":null,\"expires\":null,\"httpOnly\":true,\"path\":\"/\"},\"flash\":{}}'),
('No_tJPNnYOIhBT-ip-VG6OK-EiuBOLQu', 1686060007, '{\"cookie\":{\"originalMaxAge\":null,\"expires\":null,\"httpOnly\":true,\"path\":\"/\"},\"flash\":{}}'),
('Nozl7VG8SG2G1ykz8_aNSR5cYF6zrqk-', 1686092282, '{\"cookie\":{\"originalMaxAge\":null,\"expires\":null,\"httpOnly\":true,\"path\":\"/\"},\"flash\":{}}'),
('O4oXIXnqOWWLpdMlZPDxRC7B4x71KUxS', 1686103202, '{\"cookie\":{\"originalMaxAge\":null,\"expires\":null,\"httpOnly\":true,\"path\":\"/\"},\"flash\":{}}'),
('Oa3M4anNy2Maq8D8gnpZT9PYVuoz3Rf4', 1686041275, '{\"cookie\":{\"originalMaxAge\":null,\"expires\":null,\"httpOnly\":true,\"path\":\"/\"},\"flash\":{}}'),
('OzpKjJzPuHuiEoL_chFtivIbdq0vEOy_', 1686078001, '{\"cookie\":{\"originalMaxAge\":null,\"expires\":null,\"httpOnly\":true,\"path\":\"/\"},\"flash\":{}}'),
('PUc_RwKIEpn4FoOKhsWpqwPzQYkXGFyb', 1686132002, '{\"cookie\":{\"originalMaxAge\":null,\"expires\":null,\"httpOnly\":true,\"path\":\"/\"},\"flash\":{}}'),
('QTMcBpkFYB27vL3yoXA8bxJtHiacqk0o', 1686200403, '{\"cookie\":{\"originalMaxAge\":null,\"expires\":null,\"httpOnly\":true,\"path\":\"/\"},\"flash\":{}}'),
('R0JqvKvXD1iz5vG879dgtgnq5yD4DZNz', 1686148203, '{\"cookie\":{\"originalMaxAge\":null,\"expires\":null,\"httpOnly\":true,\"path\":\"/\"},\"flash\":{}}'),
('R8mKJUiIZpTxwjvoEj6qaLCvpS0HrKtA', 1686063602, '{\"cookie\":{\"originalMaxAge\":null,\"expires\":null,\"httpOnly\":true,\"path\":\"/\"},\"flash\":{}}'),
('SdnQXrk1HOx5ingH56Z9xu0x-3H7SWtW', 1686058202, '{\"cookie\":{\"originalMaxAge\":null,\"expires\":null,\"httpOnly\":true,\"path\":\"/\"},\"flash\":{}}'),
('SmRA46rFFDz7hiUZas2xd0gYH9suCczO', 1686128402, '{\"cookie\":{\"originalMaxAge\":null,\"expires\":null,\"httpOnly\":true,\"path\":\"/\"},\"flash\":{}}'),
('T6eGnRUGP7QIhztjQnQBQ3RmKgg_PWpp', 1686133803, '{\"cookie\":{\"originalMaxAge\":null,\"expires\":null,\"httpOnly\":true,\"path\":\"/\"},\"flash\":{}}'),
('T6gvJFM2FfKWrB2rwDvpC-pK1JXlhBNF', 1686042003, '{\"cookie\":{\"originalMaxAge\":null,\"expires\":null,\"httpOnly\":true,\"path\":\"/\"},\"flash\":{}}'),
('TmqOoeNBMyP36p1dyCLdkrfqQph9746C', 1686187803, '{\"cookie\":{\"originalMaxAge\":null,\"expires\":null,\"httpOnly\":true,\"path\":\"/\"},\"flash\":{}}'),
('TrstEZ4ybvQu9_SmUAiuOoIBowbrycHB', 1686088802, '{\"cookie\":{\"originalMaxAge\":null,\"expires\":null,\"httpOnly\":true,\"path\":\"/\"},\"flash\":{}}'),
('U_JQgNCOScyzC6NRMz2FKYMdZ7Am5AaS', 1686184203, '{\"cookie\":{\"originalMaxAge\":null,\"expires\":null,\"httpOnly\":true,\"path\":\"/\"},\"flash\":{}}'),
('Vm2tVeEDoaDUjljpKHnNjUGRWjvgBhJL', 1686166208, '{\"cookie\":{\"originalMaxAge\":null,\"expires\":null,\"httpOnly\":true,\"path\":\"/\"},\"flash\":{}}'),
('WItWb-G0yr9KAJhfFfACM9RX048zqu_t', 1686160804, '{\"cookie\":{\"originalMaxAge\":null,\"expires\":null,\"httpOnly\":true,\"path\":\"/\"},\"flash\":{}}'),
('WNDVfNEgf32ZVEGPldUOw3XySngxJBUL', 1686139203, '{\"cookie\":{\"originalMaxAge\":null,\"expires\":null,\"httpOnly\":true,\"path\":\"/\"},\"flash\":{}}'),
('X5JaApF69x3ubY-CGY4Tig4iQ_aHQuVu', 1686061802, '{\"cookie\":{\"originalMaxAge\":null,\"expires\":null,\"httpOnly\":true,\"path\":\"/\"},\"flash\":{}}'),
('XB4ueNDWNPrzsufWEqwarn0ybK4PI1N1', 1686159002, '{\"cookie\":{\"originalMaxAge\":null,\"expires\":null,\"httpOnly\":true,\"path\":\"/\"},\"flash\":{}}'),
('XqR-_29UD4Gj1J8u8KFLk1sexpcxoc-h', 1686072602, '{\"cookie\":{\"originalMaxAge\":null,\"expires\":null,\"httpOnly\":true,\"path\":\"/\"},\"flash\":{}}'),
('bX4SeM-5SAl2txEOqgFOvYiDUoEZBpXd', 1686144608, '{\"cookie\":{\"originalMaxAge\":null,\"expires\":null,\"httpOnly\":true,\"path\":\"/\"},\"flash\":{}}'),
('dKIgJqWtjzatczRmU7yLV6qc9z_YsPw-', 1686047402, '{\"cookie\":{\"originalMaxAge\":null,\"expires\":null,\"httpOnly\":true,\"path\":\"/\"},\"flash\":{}}'),
('dr7XteQ343P-1187Z8jwHx3H0aZ1gmWZ', 1686126602, '{\"cookie\":{\"originalMaxAge\":null,\"expires\":null,\"httpOnly\":true,\"path\":\"/\"},\"flash\":{}}'),
('f1xD3kOWyFIbpLuXj7USCl7DUrQ3j7ny', 1686182403, '{\"cookie\":{\"originalMaxAge\":null,\"expires\":null,\"httpOnly\":true,\"path\":\"/\"},\"flash\":{}}'),
('f4GZG4Fc3aRwvE_R6ndPkZoc4fKlTtBT', 1686142802, '{\"cookie\":{\"originalMaxAge\":null,\"expires\":null,\"httpOnly\":true,\"path\":\"/\"},\"flash\":{}}'),
('g38lw9iMUo3luRuNbdW3AS09n6aGppgB', 1686097802, '{\"cookie\":{\"originalMaxAge\":null,\"expires\":null,\"httpOnly\":true,\"path\":\"/\"},\"flash\":{}}'),
('g56YSa7D1Yov3RBNSJaeHlYXomJRi1PE', 1686169803, '{\"cookie\":{\"originalMaxAge\":null,\"expires\":null,\"httpOnly\":true,\"path\":\"/\"},\"flash\":{}}'),
('g7nLxXIPtmiGtzFgbHL2ndqSUesz6MAN', 1686083402, '{\"cookie\":{\"originalMaxAge\":null,\"expires\":null,\"httpOnly\":true,\"path\":\"/\"},\"flash\":{}}'),
('hLNr_jQwkgC9yk9G_-NVkxHRR7PHD5Ak', 1686157202, '{\"cookie\":{\"originalMaxAge\":null,\"expires\":null,\"httpOnly\":true,\"path\":\"/\"},\"flash\":{}}'),
('hvJ5RaKvWGhMvTxVjWNfxHeCZ6V4yOXh', 1686076202, '{\"cookie\":{\"originalMaxAge\":null,\"expires\":null,\"httpOnly\":true,\"path\":\"/\"},\"flash\":{}}'),
('it8fN2JDVlsFHAH9DkQslFNP4UQ0kyN0', 1686124802, '{\"cookie\":{\"originalMaxAge\":null,\"expires\":null,\"httpOnly\":true,\"path\":\"/\"},\"flash\":{}}'),
('jPQWZQoWVjTXbtieN2ECat5kBZi8VtBO', 1686106802, '{\"cookie\":{\"originalMaxAge\":null,\"expires\":null,\"httpOnly\":true,\"path\":\"/\"},\"flash\":{}}'),
('kxFKXoefFqAufJfpmQe2qca2ShN10Bro', 1686049202, '{\"cookie\":{\"originalMaxAge\":null,\"expires\":null,\"httpOnly\":true,\"path\":\"/\"},\"flash\":{}}'),
('lPEikffkcUSc7e7khGEp5vy0dXk0AOwx', 1686099602, '{\"cookie\":{\"originalMaxAge\":null,\"expires\":null,\"httpOnly\":true,\"path\":\"/\"},\"flash\":{}}'),
('ldeXXDOAgREdVLyM6gYpgxtivEKdNY4K', 1686067202, '{\"cookie\":{\"originalMaxAge\":null,\"expires\":null,\"httpOnly\":true,\"path\":\"/\"},\"flash\":{}}'),
('nbfPgKgCMN8lfCJ5hCaEMuIMqSuNjkLO', 1686087002, '{\"cookie\":{\"originalMaxAge\":null,\"expires\":null,\"httpOnly\":true,\"path\":\"/\"},\"flash\":{}}'),
('ojOuR6nWa9ECwo0x3opSHJJC2e0Dj9kw', 1686146403, '{\"cookie\":{\"originalMaxAge\":null,\"expires\":null,\"httpOnly\":true,\"path\":\"/\"},\"flash\":{}}'),
('rfUOKE6Thi9wlXw7oBnD17CnBUhK4ckx', 1686085203, '{\"cookie\":{\"originalMaxAge\":null,\"expires\":null,\"httpOnly\":true,\"path\":\"/\"},\"flash\":{}}'),
('sRfn4Akdb-uVP5rk0naUfn8SHgUnugUc', 1686069002, '{\"cookie\":{\"originalMaxAge\":null,\"expires\":null,\"httpOnly\":true,\"path\":\"/\"},\"flash\":{}}'),
('saBZXbAY2lJMN33vWPsWyyEPq5PMF3qf', 1686105002, '{\"cookie\":{\"originalMaxAge\":null,\"expires\":null,\"httpOnly\":true,\"path\":\"/\"},\"flash\":{}}'),
('sssnVqoM0QcBr818xkmJ54wD4cT9QGWN', 1686117602, '{\"cookie\":{\"originalMaxAge\":null,\"expires\":null,\"httpOnly\":true,\"path\":\"/\"},\"flash\":{}}'),
('u4lwgWPB9owtekJ06i8srEhsxrjGOd2B', 1686171603, '{\"cookie\":{\"originalMaxAge\":null,\"expires\":null,\"httpOnly\":true,\"path\":\"/\"},\"flash\":{}}'),
('u5_1Rt7XvRfCXLqmWK01G_oLJCG2bfzD', 1686137402, '{\"cookie\":{\"originalMaxAge\":null,\"expires\":null,\"httpOnly\":true,\"path\":\"/\"},\"flash\":{}}'),
('uym8ETCV8VtiL5HiFw2yJ7yM18yo2-z3', 1686119402, '{\"cookie\":{\"originalMaxAge\":null,\"expires\":null,\"httpOnly\":true,\"path\":\"/\"},\"flash\":{}}'),
('wbKedTJB-wyQ6TsK4FGJZqyaLWNSeqX5', 1686153602, '{\"cookie\":{\"originalMaxAge\":null,\"expires\":null,\"httpOnly\":true,\"path\":\"/\"},\"flash\":{}}'),
('wtxW0Ni8E7cW7wA73Mn-odvHxnBGBRnV', 1686178803, '{\"cookie\":{\"originalMaxAge\":null,\"expires\":null,\"httpOnly\":true,\"path\":\"/\"},\"flash\":{}}'),
('x09zhZLqm_wELpTC9XGbXV_alG0j9QRZ', 1686045607, '{\"cookie\":{\"originalMaxAge\":null,\"expires\":null,\"httpOnly\":true,\"path\":\"/\"},\"flash\":{}}'),
('xMe02Lu426fLEv1DgxVOTOXXKjePNsmJ', 1686081601, '{\"cookie\":{\"originalMaxAge\":null,\"expires\":null,\"httpOnly\":true,\"path\":\"/\"},\"flash\":{}}'),
('yKaqftgtSp4XPqgvj7nrGeTbNNKSmQ-V', 1686189603, '{\"cookie\":{\"originalMaxAge\":null,\"expires\":null,\"httpOnly\":true,\"path\":\"/\"},\"flash\":{}}'),
('yStf5xTiJ_Dw5byZFYWgt60PGrPp77F5', 1686135602, '{\"cookie\":{\"originalMaxAge\":null,\"expires\":null,\"httpOnly\":true,\"path\":\"/\"},\"flash\":{}}'),
('yh8vRA4GP7KcH3U512AfLABlxOEv33WO', 1686141002, '{\"cookie\":{\"originalMaxAge\":null,\"expires\":null,\"httpOnly\":true,\"path\":\"/\"},\"flash\":{}}'),
('zdBVLaFiKaIVQCKS7-6zs6ZOYbGIUM4b', 1686193203, '{\"cookie\":{\"originalMaxAge\":null,\"expires\":null,\"httpOnly\":true,\"path\":\"/\"},\"flash\":{}}'),
('znNFVrTmwobcZ-RQKqD5E2aDDSkUEc5s', 1686192201, '{\"cookie\":{\"originalMaxAge\":null,\"expires\":null,\"httpOnly\":true,\"path\":\"/\"},\"flash\":{}}'),
('ztTxfj7XCEtMzSyOvuNCofDu-dldNVkJ', 1686051002, '{\"cookie\":{\"originalMaxAge\":null,\"expires\":null,\"httpOnly\":true,\"path\":\"/\"},\"flash\":{}}');

-- --------------------------------------------------------

--
-- Table structure for table `students`
--

CREATE TABLE `students` (
  `id` int(11) NOT NULL,
  `userType` enum('student') DEFAULT NULL,
  `name` varchar(255) NOT NULL,
  `class_id` int(11) NOT NULL,
  `student_id` varchar(255) NOT NULL,
  `password` varchar(255) NOT NULL,
  `school_id` int(11) NOT NULL,
  `gender` enum('male','female','other') NOT NULL,
  `dob` date NOT NULL,
  `address` varchar(355) DEFAULT NULL,
  `avater` varchar(255) DEFAULT NULL,
  `created_at` timestamp NOT NULL DEFAULT current_timestamp(),
  `updated_at` timestamp NOT NULL DEFAULT current_timestamp() ON UPDATE current_timestamp()
) ENGINE=InnoDB DEFAULT CHARSET=utf8mb4 COLLATE=utf8mb4_general_ci;

--
-- Dumping data for table `students`
--

INSERT INTO `students` (`id`, `userType`, `name`, `class_id`, `student_id`, `password`, `school_id`, `gender`, `dob`, `address`, `avater`, `created_at`, `updated_at`) VALUES
(1, 'student', 'Habibur Rahman', 2, '2023010601', 'DTHHaB', 1, 'male', '1991-01-01', 'Faridpur-7822', '/uploads/student_avater_1680805600661_crop.jpg', '2023-03-14 18:26:56', '2023-06-01 04:26:17'),
(2, 'student', 'Nasir', 2, '2423', '2423', 1, 'male', '2023-04-07', 'Sadarpur', NULL, '2023-04-06 21:06:34', '2023-06-01 04:31:23');

-- --------------------------------------------------------

--
-- Table structure for table `subject_list`
--

CREATE TABLE `subject_list` (
  `id` int(11) NOT NULL,
  `class_id` int(11) NOT NULL,
  `subject_name` varchar(255) NOT NULL,
  `subject_code` varchar(10) DEFAULT NULL
) ENGINE=InnoDB DEFAULT CHARSET=utf8mb4 COLLATE=utf8mb4_general_ci;

--
-- Dumping data for table `subject_list`
--

INSERT INTO `subject_list` (`id`, `class_id`, `subject_name`, `subject_code`) VALUES
(1, 1, 'সাধারন গণিত', 'MATH-104'),
(2, 1, 'উচ্চতর গণিত', 'BAN-102'),
(3, 2, 'তথ্য ও যোগাযোগ প্রযুক্তি', 'EAP-103'),
(4, 1, 'পদার্থ বিজ্ঞান', 'IOM-403'),
(5, 2, 'বাংলা ১ম পত্র', 'GED-403'),
(6, 2, 'বাংলা ২য় পত্র', 'SCI-352'),
(8, 4, 'physics', 'phy102'),
(9, 4, 'Math', 'asdg'),
(10, 3, 'Math', 'asdg'),
(11, 5, 'Gonit', 'mat'),
(12, 1, 'রসায়ন বিজ্ঞান', 'GED-405'),
(13, 1, 'জীববিজ্ঞান', '22'),
(14, 1, 'বাংলা ১ম পত্র', 'B-02'),
(15, 1, 'বাংলা ২য় পত্র', 'B-01'),
(16, 1, 'English 1st Paper', 'E-01'),
(17, 1, 'English 2nd Paper', 'E-02'),
(18, 1, 'ইসলাম শিক্ষা', 'I-01'),
(19, 1, 'তথ্য ও যোগাযোগ প্রযুক্তি', 'ICT-01');

-- --------------------------------------------------------

--
-- Table structure for table `teachers`
--

CREATE TABLE `teachers` (
  `id` int(11) NOT NULL,
  `userType` enum('superadmin','admin','teacher','student','guerdian','librarian','user') DEFAULT 'user',
  `name` varchar(100) NOT NULL,
  `username` varchar(30) NOT NULL,
  `email` varchar(100) DEFAULT NULL,
  `address` varchar(300) DEFAULT NULL,
  `phone` varchar(15) NOT NULL,
  `password` varchar(255) NOT NULL,
  `school_id` int(11) DEFAULT NULL,
  `avater` varchar(300) DEFAULT NULL
) ENGINE=InnoDB DEFAULT CHARSET=utf8mb4 COLLATE=utf8mb4_general_ci;

--
-- Dumping data for table `teachers`
--

INSERT INTO `teachers` (`id`, `userType`, `name`, `username`, `email`, `address`, `phone`, `password`, `school_id`, `avater`) VALUES
(1, 'teacher', 'Habibur Rahman', 'Habib', 'habibbzm2018@gmail.com', 'Faridpur-7822', '01719686168', '$2b$11$k2VhxzFI8LXCYhJElajy5OVhANKsuRvHa18g9cYVZS0/UQiWjEe16', 1, NULL),
(2, 'teacher', 'Soikat', 'soikat6897', 'soikatkhan61@gmail.com', 'Test', '01722726897', '1234ee', NULL, NULL),
(3, 'teacher', 'New', 'hello', 'ass@gmail.com', 'ahasdh', '01722726897', '$2b$11$CUtT/Vgw0ZWUUxvC.3GisOSrGPPAEetj5J6lqVIAbiztu5wGCNPvC', NULL, NULL),
(4, 'teacher', 'TEst', 'DTHHaB', 'ass@gmail.com', 'asdg', 'asdg', '$2b$11$GdLSWngnkWFnVnf7gLiFce17aCperTZoKIogF8WKYQElltzw3fZFG', 1, NULL),
(5, 'teacher', 'adh', 'DTHHaB', 'ass@gmail.com', 'asdhd', 'asdh', '$2b$11$fQX0hI4StcnBVcCDdlc1nuW15KU2rQAni.f3aQOqWJoDSOpOzfo76', 1, '/uploads/teacher_avater_1680645163247_71IbtYa4G1S._UX342_.jpg'),
(6, 'teacher', 'sdah', 'DTHHaB', 'ass@gmail.com', 'adfhsdfh', 'asdh', '$2b$11$vWPVjps9mPHkigzVaNQAdu2uceXPkClet4apQmM5AGV5OSVv8gOUy', 1, NULL),
(7, 'teacher', 'Soikat k', 'DTHHaB', 'testemail@gmail.com', 'Uttar satshimulia\r\n', '01722726897', '$2b$11$MscmK/CPTxgyMIE3OMnwAOQv2JGqM8KIo13XaCrvzd/atlofAe3/W', 1, '/uploads/teacher_avater_1680805519093_Screenshot 2023-03-26 005004.png'),
(8, 'teacher', 'Obaydullah', 'DTHHaB', 'admin@gmail.com', 'asdgsadg', 'asdgasdgas', '$2b$11$mlXMJ2MDi2GhvO4kxhqR5eZ0FcTD/sl3S7jNOROfxw9YpMufvgmDq', 1, NULL);

-- --------------------------------------------------------

--
-- Table structure for table `users`
--

CREATE TABLE `users` (
  `id` int(11) NOT NULL,
  `userType` enum('superadmin','admin','teacher','student','guerdian','librarian','user') DEFAULT 'user',
  `username` varchar(50) NOT NULL,
  `email` varchar(255) DEFAULT NULL,
  `password` varchar(255) NOT NULL,
  `profilePics` varchar(200) DEFAULT '/uploads/avater.jpg',
  `createdAt` timestamp(6) NOT NULL DEFAULT current_timestamp(6)
) ENGINE=InnoDB DEFAULT CHARSET=utf8mb4 COLLATE=utf8mb4_general_ci;

--
-- Dumping data for table `users`
--

INSERT INTO `users` (`id`, `userType`, `username`, `email`, `password`, `profilePics`, `createdAt`) VALUES
(1, 'superadmin', 'admin', 'shamim@gmail.com', '$2b$11$GXNq1PJepaO2x5DnnoeefuI3zsY4TcGqbeowSQOx4QxpL.bneNNB.', '/uploads/avater.jpg', '2023-03-15 14:22:06.000000');

--
-- Indexes for dumped tables
--

--
-- Indexes for table `chapter`
--
ALTER TABLE `chapter`
  ADD PRIMARY KEY (`id`),
  ADD KEY `subject_id` (`subject_id`),
  ADD KEY `class_id` (`class_id`);

--
-- Indexes for table `classes`
--
ALTER TABLE `classes`
  ADD PRIMARY KEY (`id`),
  ADD UNIQUE KEY `class_name` (`class_name`);

--
-- Indexes for table `contact`
--
ALTER TABLE `contact`
  ADD PRIMARY KEY (`id`);

--
-- Indexes for table `creative`
--
ALTER TABLE `creative`
  ADD PRIMARY KEY (`id`),
  ADD KEY `subject_id` (`subject_id`),
  ADD KEY `class_id` (`class_id`),
  ADD KEY `chapter_id` (`chapter_id`),
  ADD KEY `fk_author` (`fk_author`);

--
-- Indexes for table `exams`
--
ALTER TABLE `exams`
  ADD PRIMARY KEY (`id`),
  ADD KEY `school_id` (`school_id`),
  ADD KEY `teacher_id` (`teacher_id`),
  ADD KEY `q_set_id` (`q_set_id`);

--
-- Indexes for table `exams_participants`
--
ALTER TABLE `exams_participants`
  ADD PRIMARY KEY (`id`),
  ADD KEY `exam_id` (`exam_id`),
  ADD KEY `school_id` (`school_id`);

--
-- Indexes for table `filter`
--
ALTER TABLE `filter`
  ADD PRIMARY KEY (`id`);

--
-- Indexes for table `moderator`
--
ALTER TABLE `moderator`
  ADD PRIMARY KEY (`id`);

--
-- Indexes for table `packages`
--
ALTER TABLE `packages`
  ADD PRIMARY KEY (`id`);

--
-- Indexes for table `pkg_subscriber`
--
ALTER TABLE `pkg_subscriber`
  ADD PRIMARY KEY (`id`),
  ADD KEY `pkg_id` (`pkg_id`),
  ADD KEY `user_id` (`user_id`);

--
-- Indexes for table `questions`
--
ALTER TABLE `questions`
  ADD PRIMARY KEY (`id`),
  ADD KEY `subject_id` (`subject_id`),
  ADD KEY `class_id` (`class_id`),
  ADD KEY `chapter_id` (`chapter_id`),
  ADD KEY `fk_author` (`fk_author`);

--
-- Indexes for table `q_others`
--
ALTER TABLE `q_others`
  ADD PRIMARY KEY (`id`),
  ADD KEY `subject_id` (`subject_id`),
  ADD KEY `class_id` (`class_id`),
  ADD KEY `chapter_id` (`chapter_id`),
  ADD KEY `fk_author` (`fk_author`);

--
-- Indexes for table `q_set`
--
ALTER TABLE `q_set`
  ADD PRIMARY KEY (`id`),
  ADD KEY `school_id` (`school_id`),
  ADD KEY `class_id` (`class_id`);

--
-- Indexes for table `schools`
--
ALTER TABLE `schools`
  ADD PRIMARY KEY (`id`);

--
-- Indexes for table `sessions`
--
ALTER TABLE `sessions`
  ADD PRIMARY KEY (`session_id`);

--
-- Indexes for table `students`
--
ALTER TABLE `students`
  ADD PRIMARY KEY (`id`),
  ADD KEY `class_id` (`class_id`),
  ADD KEY `school_id` (`school_id`);

--
-- Indexes for table `subject_list`
--
ALTER TABLE `subject_list`
  ADD PRIMARY KEY (`id`),
  ADD KEY `class_id` (`class_id`);

--
-- Indexes for table `teachers`
--
ALTER TABLE `teachers`
  ADD PRIMARY KEY (`id`),
  ADD KEY `school_id` (`school_id`);

--
-- Indexes for table `users`
--
ALTER TABLE `users`
  ADD PRIMARY KEY (`id`),
  ADD UNIQUE KEY `username` (`username`),
  ADD UNIQUE KEY `email` (`email`);

--
-- AUTO_INCREMENT for dumped tables
--

--
-- AUTO_INCREMENT for table `chapter`
--
ALTER TABLE `chapter`
  MODIFY `id` int(11) NOT NULL AUTO_INCREMENT, AUTO_INCREMENT=31;

--
-- AUTO_INCREMENT for table `classes`
--
ALTER TABLE `classes`
  MODIFY `id` int(11) NOT NULL AUTO_INCREMENT, AUTO_INCREMENT=19;

--
-- AUTO_INCREMENT for table `contact`
--
ALTER TABLE `contact`
  MODIFY `id` int(11) NOT NULL AUTO_INCREMENT, AUTO_INCREMENT=4;

--
-- AUTO_INCREMENT for table `creative`
--
ALTER TABLE `creative`
  MODIFY `id` int(11) NOT NULL AUTO_INCREMENT, AUTO_INCREMENT=122;

--
-- AUTO_INCREMENT for table `exams`
--
ALTER TABLE `exams`
  MODIFY `id` int(11) NOT NULL AUTO_INCREMENT, AUTO_INCREMENT=27;

--
-- AUTO_INCREMENT for table `exams_participants`
--
ALTER TABLE `exams_participants`
  MODIFY `id` int(11) NOT NULL AUTO_INCREMENT, AUTO_INCREMENT=24;

--
-- AUTO_INCREMENT for table `filter`
--
ALTER TABLE `filter`
  MODIFY `id` int(11) NOT NULL AUTO_INCREMENT, AUTO_INCREMENT=16;

--
-- AUTO_INCREMENT for table `moderator`
--
ALTER TABLE `moderator`
  MODIFY `id` int(11) NOT NULL AUTO_INCREMENT, AUTO_INCREMENT=3;

--
-- AUTO_INCREMENT for table `packages`
--
ALTER TABLE `packages`
  MODIFY `id` int(11) NOT NULL AUTO_INCREMENT, AUTO_INCREMENT=4;

--
-- AUTO_INCREMENT for table `pkg_subscriber`
--
ALTER TABLE `pkg_subscriber`
  MODIFY `id` int(11) NOT NULL AUTO_INCREMENT;

--
-- AUTO_INCREMENT for table `questions`
--
ALTER TABLE `questions`
  MODIFY `id` int(11) NOT NULL AUTO_INCREMENT, AUTO_INCREMENT=383;

--
-- AUTO_INCREMENT for table `q_others`
--
ALTER TABLE `q_others`
  MODIFY `id` int(11) NOT NULL AUTO_INCREMENT, AUTO_INCREMENT=17;

--
-- AUTO_INCREMENT for table `q_set`
--
ALTER TABLE `q_set`
  MODIFY `id` int(11) NOT NULL AUTO_INCREMENT, AUTO_INCREMENT=70;

--
-- AUTO_INCREMENT for table `schools`
--
ALTER TABLE `schools`
  MODIFY `id` int(11) NOT NULL AUTO_INCREMENT, AUTO_INCREMENT=9;

--
-- AUTO_INCREMENT for table `students`
--
ALTER TABLE `students`
  MODIFY `id` int(11) NOT NULL AUTO_INCREMENT, AUTO_INCREMENT=3;

--
-- AUTO_INCREMENT for table `subject_list`
--
ALTER TABLE `subject_list`
  MODIFY `id` int(11) NOT NULL AUTO_INCREMENT, AUTO_INCREMENT=20;

--
-- AUTO_INCREMENT for table `teachers`
--
ALTER TABLE `teachers`
  MODIFY `id` int(11) NOT NULL AUTO_INCREMENT, AUTO_INCREMENT=9;

--
-- AUTO_INCREMENT for table `users`
--
ALTER TABLE `users`
  MODIFY `id` int(11) NOT NULL AUTO_INCREMENT, AUTO_INCREMENT=2;

--
-- Constraints for dumped tables
--

--
-- Constraints for table `chapter`
--
ALTER TABLE `chapter`
  ADD CONSTRAINT `chapter_ibfk_1` FOREIGN KEY (`subject_id`) REFERENCES `subject_list` (`id`),
  ADD CONSTRAINT `chapter_ibfk_2` FOREIGN KEY (`class_id`) REFERENCES `classes` (`id`);

--
-- Constraints for table `creative`
--
ALTER TABLE `creative`
  ADD CONSTRAINT `creative_ibfk_1` FOREIGN KEY (`subject_id`) REFERENCES `subject_list` (`id`),
  ADD CONSTRAINT `creative_ibfk_2` FOREIGN KEY (`class_id`) REFERENCES `classes` (`id`),
  ADD CONSTRAINT `creative_ibfk_3` FOREIGN KEY (`chapter_id`) REFERENCES `chapter` (`id`),
  ADD CONSTRAINT `creative_ibfk_4` FOREIGN KEY (`fk_author`) REFERENCES `moderator` (`id`);

--
-- Constraints for table `exams`
--
ALTER TABLE `exams`
  ADD CONSTRAINT `exams_ibfk_1` FOREIGN KEY (`school_id`) REFERENCES `schools` (`id`) ON DELETE CASCADE ON UPDATE CASCADE,
  ADD CONSTRAINT `exams_ibfk_2` FOREIGN KEY (`teacher_id`) REFERENCES `teachers` (`id`) ON DELETE CASCADE ON UPDATE CASCADE,
  ADD CONSTRAINT `exams_ibfk_3` FOREIGN KEY (`q_set_id`) REFERENCES `q_set` (`id`) ON DELETE CASCADE ON UPDATE CASCADE;

--
-- Constraints for table `exams_participants`
--
ALTER TABLE `exams_participants`
  ADD CONSTRAINT `exams_participants_ibfk_1` FOREIGN KEY (`exam_id`) REFERENCES `exams` (`id`) ON DELETE CASCADE ON UPDATE CASCADE,
  ADD CONSTRAINT `exams_participants_ibfk_2` FOREIGN KEY (`school_id`) REFERENCES `schools` (`id`) ON DELETE CASCADE ON UPDATE CASCADE;

--
-- Constraints for table `pkg_subscriber`
--
ALTER TABLE `pkg_subscriber`
  ADD CONSTRAINT `pkg_subscriber_ibfk_1` FOREIGN KEY (`pkg_id`) REFERENCES `packages` (`id`),
  ADD CONSTRAINT `pkg_subscriber_ibfk_2` FOREIGN KEY (`user_id`) REFERENCES `users` (`id`);

--
-- Constraints for table `questions`
--
ALTER TABLE `questions`
  ADD CONSTRAINT `questions_ibfk_1` FOREIGN KEY (`subject_id`) REFERENCES `subject_list` (`id`),
  ADD CONSTRAINT `questions_ibfk_2` FOREIGN KEY (`class_id`) REFERENCES `classes` (`id`),
  ADD CONSTRAINT `questions_ibfk_3` FOREIGN KEY (`chapter_id`) REFERENCES `chapter` (`id`),
  ADD CONSTRAINT `questions_ibfk_4` FOREIGN KEY (`fk_author`) REFERENCES `moderator` (`id`);

--
-- Constraints for table `q_others`
--
ALTER TABLE `q_others`
  ADD CONSTRAINT `q_others_ibfk_1` FOREIGN KEY (`subject_id`) REFERENCES `subject_list` (`id`),
  ADD CONSTRAINT `q_others_ibfk_2` FOREIGN KEY (`class_id`) REFERENCES `classes` (`id`),
  ADD CONSTRAINT `q_others_ibfk_3` FOREIGN KEY (`chapter_id`) REFERENCES `chapter` (`id`),
  ADD CONSTRAINT `q_others_ibfk_4` FOREIGN KEY (`fk_author`) REFERENCES `moderator` (`id`);

--
-- Constraints for table `q_set`
--
ALTER TABLE `q_set`
  ADD CONSTRAINT `q_set_ibfk_1` FOREIGN KEY (`school_id`) REFERENCES `schools` (`id`) ON DELETE CASCADE ON UPDATE CASCADE,
  ADD CONSTRAINT `q_set_ibfk_2` FOREIGN KEY (`class_id`) REFERENCES `classes` (`id`) ON DELETE CASCADE ON UPDATE CASCADE;

--
-- Constraints for table `students`
--
ALTER TABLE `students`
  ADD CONSTRAINT `students_ibfk_1` FOREIGN KEY (`class_id`) REFERENCES `classes` (`id`) ON DELETE CASCADE ON UPDATE CASCADE,
  ADD CONSTRAINT `students_ibfk_2` FOREIGN KEY (`school_id`) REFERENCES `schools` (`id`) ON DELETE CASCADE ON UPDATE CASCADE;

--
-- Constraints for table `subject_list`
--
ALTER TABLE `subject_list`
  ADD CONSTRAINT `subject_list_ibfk_1` FOREIGN KEY (`class_id`) REFERENCES `classes` (`id`);

--
-- Constraints for table `teachers`
--
ALTER TABLE `teachers`
  ADD CONSTRAINT `teachers_ibfk_1` FOREIGN KEY (`school_id`) REFERENCES `schools` (`id`);
COMMIT;

/*!40101 SET CHARACTER_SET_CLIENT=@OLD_CHARACTER_SET_CLIENT */;
/*!40101 SET CHARACTER_SET_RESULTS=@OLD_CHARACTER_SET_RESULTS */;
/*!40101 SET COLLATION_CONNECTION=@OLD_COLLATION_CONNECTION */;
